frame_num,visible,x,y
C0035_000000,1,0.022395833333333334,0.39166666666666666
C0035_000001,1,0.020833333333333332,0.38697916666666665
C0035_000002,1,0.019270833333333334,0.3796875
C0035_000003,1,0.01875,0.37447916666666664
C0035_000004,1,0.0171875,0.3692708333333333
C0035_000005,1,0.016666666666666666,0.3640625
C0035_000006,1,0.015104166666666667,0.35989583333333336
C0035_000007,1,0.014583333333333334,0.3572916666666667
C0035_000008,1,0.0140625,0.35260416666666666
C0035_000009,1,0.0125,0.35
C0035_000010,1,0.011458333333333333,0.3463541666666667
C0035_000011,1,0.010416666666666666,0.34427083333333336
C0035_000012,1,0.009895833333333333,0.3421875
C0035_000013,1,0.009375,0.33958333333333335
C0035_000014,1,0.0078125,0.3380208333333333
C0035_000015,1,0.007291666666666667,0.3359375
C0035_000016,1,0.0067708333333333336,0.33489583333333334
C0035_000017,1,0.00625,0.33489583333333334
C0035_000018,1,0.005208333333333333,0.33541666666666664
C0035_000019,1,0.005729166666666666,0.3338541666666667
C0035_000020,1,0.004166666666666667,0.33489583333333334
C0035_000021,1,0.0796875,0.5041666666666667
C0035_000022,1,0.09375,0.5119791666666667
C0035_000023,1,0.10520833333333333,0.5182291666666666
C0035_000024,1,0.11822916666666666,0.5244791666666667
C0035_000025,1,0.134375,0.5354166666666667
C0035_000026,1,0.14583333333333334,0.5421875
C0035_000027,1,0.15729166666666666,0.5515625
C0035_000028,1,0.1703125,0.559375
C0035_000029,1,0.18229166666666666,0.56875
C0035_000030,1,0.1953125,0.5796875
C0035_000031,1,0.20729166666666668,0.5885416666666666
C0035_000032,1,0.21875,0.6
C0035_000033,1,0.23229166666666667,0.6109375
C0035_000034,1,0.2453125,0.6213541666666667
C0035_000035,1,0.2546875,0.6213541666666667
C0035_000036,1,0.2630208333333333,0.609375
C0035_000037,1,0.27395833333333336,0.596875
C0035_000038,1,0.2828125,0.5880208333333333
C0035_000039,1,0.2911458333333333,0.5802083333333333
C0035_000040,1,0.30104166666666665,0.5692708333333333
C0035_000041,1,0.3098958333333333,0.5588541666666667
C0035_000042,1,0.31979166666666664,0.5479166666666667
C0035_000043,1,0.328125,0.5421875
C0035_000044,1,0.3359375,0.5322916666666667
C0035_000045,1,0.3458333333333333,0.5244791666666667
C0035_000046,1,0.3536458333333333,0.5171875
C0035_000047,1,0.3625,0.5104166666666666
C0035_000048,1,0.371875,0.5026041666666666
C0035_000049,1,0.3802083333333333,0.4984375
C0035_000050,1,0.3890625,0.49114583333333334
C0035_000051,1,0.39895833333333336,0.4864583333333333
C0035_000052,1,0.40729166666666666,0.48072916666666665
C0035_000053,1,0.41458333333333336,0.47604166666666664
C0035_000054,1,0.42291666666666666,0.4734375
C0035_000055,1,0.4317708333333333,0.46979166666666666
C0035_000056,1,0.4390625,0.4671875
C0035_000057,1,0.4484375,0.4635416666666667
C0035_000058,1,0.45729166666666665,0.45989583333333334
C0035_000059,1,0.46510416666666665,0.459375
C0035_000060,1,0.4744791666666667,0.45729166666666665
C0035_000061,1,0.48125,0.4546875
C0035_000062,1,0.4895833333333333,0.45364583333333336
C0035_000063,1,0.49895833333333334,0.45364583333333336
C0035_000064,1,0.50625,0.45260416666666664
C0035_000065,1,0.5145833333333333,0.4505208333333333
C0035_000066,1,0.521875,0.45260416666666664
C0035_000067,1,0.5307291666666667,0.4552083333333333
C0035_000068,1,0.5385416666666667,0.4552083333333333
C0035_000069,1,0.5473958333333333,0.45677083333333335
C0035_000070,1,0.5546875,0.4578125
C0035_000071,1,0.5630208333333333,0.4609375
C0035_000072,1,0.5703125,0.4640625
C0035_000073,1,0.5786458333333333,0.46770833333333334
C0035_000074,1,0.5869791666666667,0.46979166666666666
C0035_000075,1,0.5953125,0.4739583333333333
C0035_000076,1,0.6020833333333333,0.478125
C0035_000077,1,0.609375,0.48333333333333334
C0035_000078,1,0.6177083333333333,0.48854166666666665
C0035_000079,1,0.6260416666666667,0.49270833333333336
C0035_000080,1,0.6328125,0.4979166666666667
C0035_000081,1,0.6411458333333333,0.503125
C0035_000082,1,0.6479166666666667,0.5098958333333333
C0035_000083,1,0.6567708333333333,0.5177083333333333
C0035_000084,1,0.6635416666666667,0.5239583333333333
C0035_000085,1,0.6697916666666667,0.5317708333333333
C0035_000086,1,0.678125,0.5385416666666667
C0035_000087,1,0.6864583333333333,0.5463541666666667
C0035_000088,1,0.69375,0.5541666666666667
C0035_000089,1,0.7005208333333334,0.5640625
C0035_000090,1,0.7067708333333333,0.5697916666666667
C0035_000091,1,0.7140625,0.5786458333333333
C0035_000092,1,0.7223958333333333,0.5885416666666666
C0035_000093,1,0.7286458333333333,0.5947916666666667
C0035_000094,1,0.7348958333333333,0.5864583333333333
C0035_000095,1,0.740625,0.5755208333333334
C0035_000096,1,0.746875,0.5661458333333333
C0035_000097,1,0.753125,0.5572916666666666
C0035_000098,1,0.7598958333333333,0.5489583333333333
C0035_000099,1,0.7661458333333333,0.5416666666666666
C0035_000100,1,0.7734375,0.5328125
C0035_000101,1,0.7770833333333333,0.5255208333333333
C0035_000102,1,0.7838541666666666,0.5182291666666666
C0035_000103,1,0.7901041666666667,0.5104166666666666
C0035_000104,1,0.7958333333333333,0.5057291666666667
C0035_000105,1,0.8026041666666667,0.4984375
C0035_000106,1,0.8083333333333333,0.490625
C0035_000107,1,0.8151041666666666,0.4890625
C0035_000108,1,0.8208333333333333,0.4828125
C0035_000109,1,0.8260416666666667,0.478125
C0035_000110,1,0.8322916666666667,0.47552083333333334
C0035_000111,1,0.8385416666666666,0.47239583333333335
C0035_000112,1,0.8453125,0.46875
C0035_000113,1,0.8520833333333333,0.4635416666666667
C0035_000114,1,0.85625,0.46145833333333336
C0035_000115,1,0.8614583333333333,0.459375
C0035_000116,1,0.8520833333333333,0.4510416666666667
C0035_000117,1,0.8411458333333334,0.4453125
C0035_000118,1,0.8286458333333333,0.43697916666666664
C0035_000119,1,0.81875,0.4328125
C0035_000120,1,0.8078125,0.4276041666666667
C0035_000121,1,0.7953125,0.4192708333333333
C0035_000122,1,0.784375,0.4161458333333333
C0035_000123,1,0.7755208333333333,0.4109375
C0035_000124,1,0.7640625,0.4088541666666667
C0035_000125,1,0.7536458333333333,0.40520833333333334
C0035_000126,1,0.74375,0.4015625
C0035_000127,1,0.7328125,0.39895833333333336
C0035_000128,1,0.721875,0.39479166666666665
C0035_000129,1,0.7114583333333333,0.39427083333333335
C0035_000130,1,0.7020833333333333,0.390625
C0035_000131,1,0.6921875,0.390625
C0035_000132,1,0.6822916666666666,0.39010416666666664
C0035_000133,1,0.6713541666666667,0.3875
C0035_000134,1,0.6625,0.3875
C0035_000135,1,0.6520833333333333,0.3890625
C0035_000136,1,0.6416666666666667,0.38958333333333334
C0035_000137,1,0.6317708333333333,0.39010416666666664
C0035_000138,1,0.6234375,0.3921875
C0035_000139,1,0.6125,0.3921875
C0035_000140,1,0.603125,0.3932291666666667
C0035_000141,1,0.5942708333333333,0.39739583333333334
C0035_000142,1,0.5838541666666667,0.4
C0035_000143,1,0.5744791666666667,0.40260416666666665
C0035_000144,1,0.5661458333333333,0.40520833333333334
C0035_000145,1,0.5567708333333333,0.409375
C0035_000146,1,0.5479166666666667,0.41302083333333334
C0035_000147,1,0.5380208333333333,0.4166666666666667
C0035_000148,1,0.5302083333333333,0.42083333333333334
C0035_000149,1,0.5197916666666667,0.4276041666666667
C0035_000150,1,0.5109375,0.4317708333333333
C0035_000151,1,0.5026041666666666,0.43802083333333336
C0035_000152,1,0.4942708333333333,0.44427083333333334
C0035_000153,1,0.48489583333333336,0.4505208333333333
C0035_000154,1,0.47604166666666664,0.45729166666666665
C0035_000155,1,0.46822916666666664,0.4630208333333333
C0035_000156,1,0.45989583333333334,0.4703125
C0035_000157,1,0.4505208333333333,0.4796875
C0035_000158,1,0.4427083333333333,0.4864583333333333
C0035_000159,1,0.43385416666666665,0.4947916666666667
C0035_000160,1,0.4265625,0.5036458333333333
C0035_000161,1,0.41822916666666665,0.5098958333333333
C0035_000162,1,0.4088541666666667,0.5203125
C0035_000163,1,0.4010416666666667,0.5302083333333333
C0035_000164,1,0.39375,0.5401041666666667
C0035_000165,1,0.3854166666666667,0.55
C0035_000166,1,0.378125,0.5614583333333333
C0035_000167,1,0.36875,0.5713541666666667
C0035_000168,1,0.3625,0.5822916666666667
C0035_000169,1,0.35572916666666665,0.5921875
C0035_000170,1,0.3453125,0.6046875
C0035_000171,1,0.3385416666666667,0.6151041666666667
C0035_000172,1,0.334375,0.6104166666666667
C0035_000173,1,0.32760416666666664,0.5984375
C0035_000174,1,0.3223958333333333,0.5916666666666667
C0035_000175,1,0.31666666666666665,0.5838541666666667
C0035_000176,1,0.31145833333333334,0.5723958333333333
C0035_000177,1,0.30625,0.5635416666666667
C0035_000178,1,0.30052083333333335,0.5541666666666667
C0035_000179,1,0.2947916666666667,0.546875
C0035_000180,1,0.28958333333333336,0.5390625
C0035_000181,1,0.284375,0.5302083333333333
C0035_000182,1,0.2786458333333333,0.5244791666666667
C0035_000183,1,0.27395833333333336,0.5177083333333333
C0035_000184,1,0.2682291666666667,0.5114583333333333
C0035_000185,1,0.2635416666666667,0.5067708333333333
C0035_000186,1,0.25625,0.5
C0035_000187,1,0.2526041666666667,0.4942708333333333
C0035_000188,1,0.24739583333333334,0.4901041666666667
C0035_000189,1,0.2421875,0.48385416666666664
C0035_000190,1,0.2375,0.4822916666666667
C0035_000191,1,0.23177083333333334,0.478125
C0035_000192,1,0.22708333333333333,0.475
C0035_000193,1,0.221875,0.4703125
C0035_000194,1,0.21770833333333334,0.46875
C0035_000195,1,0.21197916666666666,0.46458333333333335
C0035_000196,1,0.21666666666666667,0.4578125
C0035_000197,1,0.22760416666666666,0.44947916666666665
C0035_000198,1,0.2375,0.4390625
C0035_000199,1,0.24739583333333334,0.42916666666666664
C0035_000200,1,0.2578125,0.4203125
C0035_000201,1,0.2671875,0.4140625
C0035_000202,1,0.2786458333333333,0.40572916666666664
C0035_000203,1,0.2869791666666667,0.39791666666666664
C0035_000204,1,0.296875,0.39166666666666666
C0035_000205,1,0.30625,0.3848958333333333
C0035_000206,1,0.31614583333333335,0.3796875
C0035_000207,1,0.3265625,0.3723958333333333
C0035_000208,1,0.33541666666666664,0.3671875
C0035_000209,1,0.3453125,0.3619791666666667
C0035_000210,1,0.35572916666666665,0.3572916666666667
C0035_000211,1,0.36666666666666664,0.3541666666666667
C0035_000212,1,0.375,0.3489583333333333
C0035_000213,1,0.384375,0.34479166666666666
C0035_000214,1,0.39427083333333335,0.340625
C0035_000215,1,0.40260416666666665,0.3390625
C0035_000216,1,0.41354166666666664,0.3359375
C0035_000217,1,0.42135416666666664,0.33229166666666665
C0035_000218,1,0.43125,0.3302083333333333
C0035_000219,1,0.440625,0.32864583333333336
C0035_000220,1,0.4510416666666667,0.3260416666666667
C0035_000221,1,0.46041666666666664,0.32447916666666665
C0035_000222,1,0.46979166666666666,0.3260416666666667
C0035_000223,1,0.48020833333333335,0.3260416666666667
C0035_000224,1,0.4895833333333333,0.325
C0035_000225,1,0.4973958333333333,0.32447916666666665
C0035_000226,1,0.5067708333333333,0.32708333333333334
C0035_000227,1,0.5171875,0.32760416666666664
C0035_000228,1,0.5270833333333333,0.3307291666666667
C0035_000229,1,0.534375,0.3302083333333333
C0035_000230,1,0.5447916666666667,0.334375
C0035_000231,1,0.5526041666666667,0.33489583333333334
C0035_000232,1,0.5619791666666667,0.3359375
C0035_000233,1,0.5713541666666667,0.3416666666666667
C0035_000234,1,0.5807291666666666,0.34427083333333336
C0035_000235,1,0.590625,0.3484375
C0035_000236,1,0.5989583333333334,0.35104166666666664
C0035_000237,1,0.6078125,0.3578125
C0035_000238,1,0.6166666666666667,0.3609375
C0035_000239,1,0.6260416666666667,0.365625
C0035_000240,1,0.634375,0.37395833333333334
C0035_000241,1,0.64375,0.378125
C0035_000242,1,0.6515625,0.3848958333333333
C0035_000243,1,0.6614583333333334,0.39010416666666664
C0035_000244,1,0.6703125,0.39739583333333334
C0035_000245,1,0.6786458333333333,0.4041666666666667
C0035_000246,1,0.6880208333333333,0.4125
C0035_000247,1,0.696875,0.41875
C0035_000248,1,0.7041666666666667,0.425
C0035_000249,1,0.7140625,0.4348958333333333
C0035_000250,1,0.7223958333333333,0.44479166666666664
C0035_000251,1,0.73125,0.45416666666666666
C0035_000252,1,0.7401041666666667,0.4625
C0035_000253,1,0.75,0.47239583333333335
C0035_000254,1,0.7567708333333333,0.4822916666666667
C0035_000255,1,0.765625,0.49375
C0035_000256,1,0.7744791666666667,0.5041666666666667
C0035_000257,1,0.7817708333333333,0.5145833333333333
C0035_000258,1,0.790625,0.5265625
C0035_000259,1,0.7994791666666666,0.5364583333333334
C0035_000260,1,0.8067708333333333,0.55
C0035_000261,1,0.815625,0.5614583333333333
C0035_000262,1,0.8239583333333333,0.571875
C0035_000263,1,0.8322916666666667,0.584375
C0035_000264,1,0.8395833333333333,0.5770833333333333
C0035_000265,1,0.8432291666666667,0.5677083333333334
C0035_000266,1,0.8494791666666667,0.5552083333333333
C0035_000267,1,0.8526041666666667,0.5432291666666667
C0035_000268,1,0.8567708333333334,0.53125
C0035_000269,1,0.8625,0.5223958333333333
C0035_000270,1,0.8677083333333333,0.5109375
C0035_000271,1,0.8729166666666667,0.5015625
C0035_000272,1,0.8776041666666666,0.49114583333333334
C0035_000273,1,0.8828125,0.4822916666666667
C0035_000274,1,0.8869791666666667,0.4744791666666667
C0035_000275,1,0.8911458333333333,0.46458333333333335
C0035_000276,1,0.8963541666666667,0.45677083333333335
C0035_000277,1,0.9020833333333333,0.4479166666666667
C0035_000278,1,0.9057291666666667,0.44166666666666665
C0035_000279,1,0.9104166666666667,0.43333333333333335
C0035_000280,1,0.915625,0.4265625
C0035_000281,1,0.9203125,0.4203125
C0035_000282,1,0.9255208333333333,0.41458333333333336
C0035_000283,1,0.93125,0.4078125
C0035_000284,1,0.9322916666666666,0.3963541666666667
C0035_000285,1,0.9276041666666667,0.375
C0035_000286,1,0.9244791666666666,0.35625
C0035_000287,1,0.9203125,0.3338541666666667
C0035_000288,1,0.9166666666666666,0.3125
C0035_000289,1,0.9114583333333334,0.2916666666666667
C0035_000290,1,0.9072916666666667,0.27239583333333334
C0035_000291,1,0.9020833333333333,0.253125
C0035_000292,1,0.8994791666666667,0.23333333333333334
C0035_000293,1,0.8947916666666667,0.2140625
C0035_000294,1,0.8895833333333333,0.19479166666666667
C0035_000295,1,0.8880208333333334,0.18072916666666666
C0035_000296,1,0.8833333333333333,0.16197916666666667
C0035_000297,1,0.8791666666666667,0.14427083333333332
C0035_000298,1,0.8744791666666667,0.1234375
C0035_000299,1,0.8697916666666666,0.10729166666666666
C0035_000300,1,0.8671875,0.09114583333333333
C0035_000301,1,0.8614583333333333,0.07447916666666667
C0035_000302,1,0.8604166666666667,0.0609375
C0035_000303,1,0.8552083333333333,0.044270833333333336
C0035_000304,1,0.5395833333333333,0.052083333333333336
C0035_000305,1,0.5364583333333334,0.06979166666666667
C0035_000306,1,0.5322916666666667,0.08645833333333333
C0035_000307,1,0.5291666666666667,0.10677083333333333
C0035_000308,1,0.525,0.12291666666666666
C0035_000309,1,0.5208333333333334,0.1421875
C0035_000310,1,0.5177083333333333,0.16354166666666667
C0035_000311,1,0.5140625,0.18072916666666666
C0035_000312,1,0.5104166666666666,0.203125
C0035_000313,1,0.5067708333333333,0.2234375
C0035_000314,1,0.503125,0.24583333333333332
C0035_000315,1,0.5015625,0.26614583333333336
C0035_000316,1,0.49583333333333335,0.2864583333333333
C0035_000317,1,0.49270833333333336,0.3098958333333333
C0035_000318,1,0.48802083333333335,0.3338541666666667
C0035_000319,1,0.4859375,0.35520833333333335
C0035_000320,1,0.48125,0.3796875
C0035_000321,1,0.4765625,0.4041666666666667
C0035_000322,1,0.4734375,0.42604166666666665
C0035_000323,1,0.46875,0.45364583333333336
C0035_000324,1,0.465625,0.47760416666666666
C0035_000325,1,0.4625,0.4973958333333333
C0035_000326,1,0.4583333333333333,0.528125
C0035_000327,1,0.45416666666666666,0.5552083333333333
C0035_000328,1,0.4515625,0.5765625
C0035_000329,1,0.446875,0.6041666666666666
C0035_000330,1,0.4427083333333333,0.6317708333333333
C0035_000331,1,0.44166666666666665,0.6234375
C0035_000332,1,0.4390625,0.5984375
C0035_000333,1,0.43802083333333336,0.5765625
C0035_000334,1,0.43645833333333334,0.5541666666666667
C0035_000335,1,0.4354166666666667,0.5317708333333333
C0035_000336,1,0.4328125,0.5078125
C0035_000337,1,0.43020833333333336,0.4859375
C0035_000338,1,0.42864583333333334,0.465625
C0035_000339,1,0.4265625,0.44427083333333334
C0035_000340,1,0.425,0.4265625
C0035_000341,1,0.4234375,0.40520833333333334
C0035_000342,1,0.421875,0.38958333333333334
C0035_000343,1,0.4203125,0.36770833333333336
C0035_000344,1,0.41770833333333335,0.35104166666666664
C0035_000345,1,0.4161458333333333,0.32916666666666666
C0035_000346,1,0.41458333333333336,0.3151041666666667
C0035_000347,1,0.41354166666666664,0.29635416666666664
C0035_000348,1,0.4109375,0.28125
C0035_000349,1,0.409375,0.2640625
C0035_000350,1,0.40677083333333336,0.246875
C0035_000351,1,0.40520833333333334,0.23333333333333334
C0035_000352,1,0.403125,0.21770833333333334
C0035_000353,1,0.4010416666666667,0.20416666666666666
C0035_000354,1,0.4,0.190625
C0035_000355,1,0.39739583333333334,0.17552083333333332
C0035_000356,1,0.3963541666666667,0.1640625
C0035_000357,1,0.39375,0.14791666666666667
C0035_000358,1,0.3921875,0.13802083333333334
C0035_000359,1,0.38958333333333334,0.12447916666666667
C0035_000360,1,0.3880208333333333,0.1140625
C0035_000361,1,0.38645833333333335,0.1015625
C0035_000362,1,0.384375,0.09166666666666666
C0035_000363,1,0.38177083333333334,0.0828125
C0035_000364,1,0.3807291666666667,0.071875
C0035_000365,1,0.378125,0.06354166666666666
C0035_000366,1,0.3765625,0.05364583333333333
C0035_000367,1,0.37447916666666664,0.04635416666666667
C0035_000368,1,0.37395833333333334,0.036458333333333336
C0035_000369,1,0.37135416666666665,0.0296875
C0035_000370,1,0.3692708333333333,0.020833333333333332
C0035_000371,1,0.36822916666666666,0.0171875
C0035_000372,1,0.303125,0.08802083333333334
C0035_000373,1,0.30104166666666665,0.09635416666666667
C0035_000374,1,0.30052083333333335,0.11041666666666666
C0035_000375,1,0.2984375,0.1203125
C0035_000376,1,0.2984375,0.1328125
C0035_000377,1,0.296875,0.14583333333333334
C0035_000378,1,0.2947916666666667,0.16197916666666667
C0035_000379,1,0.29322916666666665,0.1734375
C0035_000380,1,0.29270833333333335,0.18854166666666666
C0035_000381,1,0.290625,0.203125
C0035_000382,1,0.29375,0.21510416666666668
C0035_000383,1,0.303125,0.2078125
C0035_000384,1,0.3125,0.19791666666666666
C0035_000385,1,0.32395833333333335,0.18958333333333333
C0035_000386,1,0.33645833333333336,0.18020833333333333
C0035_000387,1,0.3463541666666667,0.17135416666666667
C0035_000388,1,0.3572916666666667,0.1671875
C0035_000389,1,0.3692708333333333,0.16145833333333334
C0035_000390,1,0.3802083333333333,0.15416666666666667
C0035_000391,1,0.39114583333333336,0.14791666666666667
C0035_000392,1,0.39947916666666666,0.14479166666666668
C0035_000393,1,0.41041666666666665,0.140625
C0035_000394,1,0.4197916666666667,0.13697916666666668
C0035_000395,1,0.42916666666666664,0.13333333333333333
C0035_000396,1,0.4401041666666667,0.13125
C0035_000397,1,0.4484375,0.128125
C0035_000398,1,0.4578125,0.1296875
C0035_000399,1,0.46770833333333334,0.12760416666666666
C0035_000400,1,0.4765625,0.12708333333333333
C0035_000401,1,0.48489583333333336,0.12708333333333333
C0035_000402,1,0.49375,0.128125
C0035_000403,1,0.5026041666666666,0.12864583333333332
C0035_000404,1,0.5109375,0.12760416666666666
C0035_000405,1,0.5197916666666667,0.13177083333333334
C0035_000406,1,0.5276041666666667,0.13385416666666666
C0035_000407,1,0.5364583333333334,0.13697916666666668
C0035_000408,1,0.5458333333333333,0.14010416666666667
C0035_000409,1,0.5520833333333334,0.14375
C0035_000410,1,0.559375,0.14739583333333334
C0035_000411,1,0.5677083333333334,0.15052083333333333
C0035_000412,1,0.5734375,0.15416666666666667
C0035_000413,1,0.5833333333333334,0.15989583333333332
C0035_000414,1,0.590625,0.16666666666666666
C0035_000415,1,0.5979166666666667,0.17395833333333333
C0035_000416,1,0.6046875,0.17864583333333334
C0035_000417,1,0.6114583333333333,0.18385416666666668
C0035_000418,1,0.6182291666666667,0.1890625
C0035_000419,1,0.625,0.196875
C0035_000420,1,0.6322916666666667,0.2046875
C0035_000421,1,0.6395833333333333,0.21302083333333333
C0035_000422,1,0.6473958333333333,0.22239583333333332
C0035_000423,1,0.6526041666666667,0.22916666666666666
C0035_000424,1,0.6583333333333333,0.23854166666666668
C0035_000425,1,0.665625,0.24739583333333334
C0035_000426,1,0.671875,0.25885416666666666
C0035_000427,1,0.6786458333333333,0.2671875
C0035_000428,1,0.6838541666666667,0.27708333333333335
C0035_000429,1,0.690625,0.28541666666666665
C0035_000430,1,0.6963541666666667,0.29635416666666664
C0035_000431,1,0.7015625,0.30833333333333335
C0035_000432,1,0.7072916666666667,0.31927083333333334
C0035_000433,1,0.7140625,0.3307291666666667
C0035_000434,1,0.7182291666666667,0.33958333333333335
C0035_000435,1,0.7234375,0.3536458333333333
C0035_000436,1,0.7302083333333333,0.3671875
C0035_000437,1,0.7359375,0.3770833333333333
C0035_000438,1,0.7395833333333334,0.3885416666666667
C0035_000439,1,0.7463541666666667,0.4041666666666667
C0035_000440,1,0.7515625,0.415625
C0035_000441,1,0.75625,0.43020833333333336
C0035_000442,1,0.7614583333333333,0.4427083333333333
C0035_000443,1,0.7677083333333333,0.4546875
C0035_000444,1,0.7713541666666667,0.46875
C0035_000445,1,0.7755208333333333,0.48125
C0035_000446,1,0.7807291666666667,0.496875
C0035_000447,1,0.7859375,0.5119791666666667
C0035_000448,1,0.790625,0.5265625
C0035_000449,1,0.7953125,0.5411458333333333
C0035_000450,1,0.7989583333333333,0.5552083333333333
C0035_000451,1,0.8026041666666667,0.5677083333333334
C0035_000452,1,0.8067708333333333,0.5838541666666667
C0035_000453,1,0.8109375,0.5838541666666667
C0035_000454,1,0.8151041666666666,0.5692708333333333
C0035_000455,1,0.8177083333333334,0.55625
C0035_000456,1,0.8213541666666667,0.5416666666666666
C0035_000457,1,0.8244791666666667,0.5286458333333334
C0035_000458,1,0.8276041666666667,0.5145833333333333
C0035_000459,1,0.83125,0.5020833333333333
C0035_000460,1,0.8354166666666667,0.490625
C0035_000461,1,0.8385416666666666,0.478125
C0035_000462,1,0.8416666666666667,0.4671875
C0035_000463,1,0.8447916666666667,0.4557291666666667
C0035_000464,1,0.8479166666666667,0.44635416666666666
C0035_000465,1,0.8520833333333333,0.43385416666666665
C0035_000466,1,0.8557291666666667,0.4270833333333333
C0035_000467,1,0.8583333333333333,0.4171875
C0035_000468,1,0.8609375,0.4088541666666667
C0035_000469,1,0.8645833333333334,0.4005208333333333
C0035_000470,1,0.8671875,0.39114583333333336
C0035_000471,1,0.8713541666666667,0.3848958333333333
C0035_000472,1,0.86875,0.3765625
C0035_000473,1,0.8583333333333333,0.36666666666666664
C0035_000474,1,0.85,0.3578125
C0035_000475,1,0.8380208333333333,0.35208333333333336
C0035_000476,1,0.8302083333333333,0.34427083333333336
C0035_000477,1,0.8208333333333333,0.3375
C0035_000478,1,0.8130208333333333,0.3302083333333333
C0035_000479,1,0.8026041666666667,0.325
C0035_000480,1,0.79375,0.3203125
C0035_000481,1,0.784375,0.31354166666666666
C0035_000482,1,0.775,0.30833333333333335
C0035_000483,1,0.7666666666666667,0.30416666666666664
C0035_000484,1,0.7578125,0.30052083333333335
C0035_000485,1,0.7489583333333333,0.29583333333333334
C0035_000486,1,0.7401041666666667,0.29010416666666666
C0035_000487,1,0.73125,0.2875
C0035_000488,1,0.7234375,0.2833333333333333
C0035_000489,1,0.7135416666666666,0.28125
C0035_000490,1,0.7057291666666666,0.2791666666666667
C0035_000491,1,0.6973958333333333,0.2765625
C0035_000492,1,0.6885416666666667,0.275
C0035_000493,1,0.6802083333333333,0.27395833333333336
C0035_000494,1,0.6708333333333333,0.26979166666666665
C0035_000495,1,0.6640625,0.27239583333333334
C0035_000496,1,0.6557291666666667,0.2713541666666667
C0035_000497,1,0.6473958333333333,0.2713541666666667
C0035_000498,1,0.6390625,0.2708333333333333
C0035_000499,1,0.6296875,0.2713541666666667
C0035_000500,1,0.6229166666666667,0.27239583333333334
C0035_000501,1,0.6140625,0.27291666666666664
C0035_000502,1,0.6057291666666667,0.27395833333333336
C0035_000503,1,0.5979166666666667,0.2760416666666667
C0035_000504,1,0.5901041666666667,0.2786458333333333
C0035_000505,1,0.5817708333333333,0.28072916666666664
C0035_000506,1,0.5739583333333333,0.28229166666666666
C0035_000507,1,0.5666666666666667,0.2859375
C0035_000508,1,0.5583333333333333,0.290625
C0035_000509,1,0.5505208333333333,0.29322916666666665
C0035_000510,1,0.5421875,0.29635416666666664
C0035_000511,1,0.5348958333333333,0.30052083333333335
C0035_000512,1,0.5270833333333333,0.30520833333333336
C0035_000513,1,0.5197916666666667,0.3098958333333333
C0035_000514,1,0.5104166666666666,0.31354166666666666
C0035_000515,1,0.5036458333333333,0.31979166666666664
C0035_000516,1,0.4973958333333333,0.3260416666666667
C0035_000517,1,0.4890625,0.3328125
C0035_000518,1,0.4817708333333333,0.3380208333333333
C0035_000519,1,0.4739583333333333,0.3453125
C0035_000520,1,0.4666666666666667,0.35104166666666664
C0035_000521,1,0.459375,0.3578125
C0035_000522,1,0.4510416666666667,0.36614583333333334
C0035_000523,1,0.4427083333333333,0.37447916666666664
C0035_000524,1,0.4354166666666667,0.38229166666666664
C0035_000525,1,0.428125,0.390625
C0035_000526,1,0.42083333333333334,0.39895833333333336
C0035_000527,1,0.4140625,0.4078125
C0035_000528,1,0.40677083333333336,0.4166666666666667
C0035_000529,1,0.39895833333333336,0.4276041666666667
C0035_000530,1,0.39166666666666666,0.4375
C0035_000531,1,0.3854166666666667,0.446875
C0035_000532,1,0.3776041666666667,0.4583333333333333
C0035_000533,1,0.37083333333333335,0.46770833333333334
C0035_000534,1,0.3651041666666667,0.478125
C0035_000535,1,0.3578125,0.49114583333333334
C0035_000536,1,0.35052083333333334,0.503125
C0035_000537,1,0.34322916666666664,0.5140625
C0035_000538,1,0.33645833333333336,0.5265625
C0035_000539,1,0.3296875,0.5385416666666667
C0035_000540,1,0.321875,0.55
C0035_000541,1,0.315625,0.565625
C0035_000542,1,0.30885416666666665,0.578125
C0035_000543,1,0.3020833333333333,0.5916666666666667
C0035_000544,1,0.2947916666666667,0.6036458333333333
C0035_000545,1,0.28854166666666664,0.6171875
C0035_000546,1,0.284375,0.6109375
C0035_000547,1,0.28072916666666664,0.5973958333333333
C0035_000548,1,0.2765625,0.5869791666666667
C0035_000549,1,0.27239583333333334,0.5776041666666667
C0035_000550,1,0.26927083333333335,0.5661458333333333
C0035_000551,1,0.2640625,0.553125
C0035_000552,1,0.26197916666666665,0.5427083333333333
C0035_000553,1,0.25677083333333334,0.53125
C0035_000554,1,0.253125,0.5234375
C0035_000555,1,0.25,0.515625
C0035_000556,1,0.2453125,0.5057291666666667
C0035_000557,1,0.2421875,0.496875
C0035_000558,1,0.23802083333333332,0.4864583333333333
C0035_000559,1,0.23385416666666667,0.4791666666666667
C0035_000560,1,0.23072916666666668,0.4713541666666667
C0035_000561,1,0.22864583333333333,0.4640625
C0035_000562,1,0.23541666666666666,0.45625
C0035_000563,1,0.24479166666666666,0.44427083333333334
C0035_000564,1,0.2526041666666667,0.43645833333333334
C0035_000565,1,0.2604166666666667,0.4276041666666667
C0035_000566,1,0.2682291666666667,0.4203125
C0035_000567,1,0.2760416666666667,0.4109375
C0035_000568,1,0.28541666666666665,0.4041666666666667
C0035_000569,1,0.29270833333333335,0.3958333333333333
C0035_000570,1,0.30052083333333335,0.3885416666666667
C0035_000571,1,0.3078125,0.3802083333333333
C0035_000572,1,0.31614583333333335,0.375
C0035_000573,1,0.3234375,0.37083333333333335
C0035_000574,1,0.33125,0.36302083333333335
C0035_000575,1,0.34010416666666665,0.3578125
C0035_000576,1,0.3463541666666667,0.35260416666666666
C0035_000577,1,0.3546875,0.346875
C0035_000578,1,0.3625,0.34322916666666664
C0035_000579,1,0.3697916666666667,0.33958333333333335
C0035_000580,1,0.3776041666666667,0.33489583333333334
C0035_000581,1,0.38385416666666666,0.3307291666666667
C0035_000582,1,0.3921875,0.32760416666666664
C0035_000583,1,0.4,0.32447916666666665
C0035_000584,1,0.40729166666666666,0.32135416666666666
C0035_000585,1,0.41458333333333336,0.3203125
C0035_000586,1,0.421875,0.3171875
C0035_000587,1,0.42864583333333334,0.315625
C0035_000588,1,0.4348958333333333,0.3145833333333333
C0035_000589,1,0.44375,0.31354166666666666
C0035_000590,1,0.45208333333333334,0.3125
C0035_000591,1,0.4588541666666667,0.3098958333333333
C0035_000592,1,0.465625,0.31145833333333334
C0035_000593,1,0.47291666666666665,0.3104166666666667
C0035_000594,1,0.48020833333333335,0.3109375
C0035_000595,1,0.4875,0.31302083333333336
C0035_000596,1,0.4942708333333333,0.3145833333333333
C0035_000597,1,0.5015625,0.3151041666666667
C0035_000598,1,0.5078125,0.3171875
C0035_000599,1,0.5161458333333333,0.3182291666666667
C0035_000600,1,0.5229166666666667,0.32083333333333336
C0035_000601,1,0.5307291666666667,0.321875
C0035_000602,1,0.5369791666666667,0.3260416666666667
C0035_000603,1,0.5442708333333334,0.32864583333333336
C0035_000604,1,0.5520833333333334,0.33125
C0035_000605,1,0.559375,0.3359375
C0035_000606,1,0.565625,0.33958333333333335
C0035_000607,1,0.5723958333333333,0.34375
C0035_000608,1,0.58125,0.3484375
C0035_000609,1,0.5875,0.3541666666666667
C0035_000610,1,0.5942708333333333,0.35885416666666664
C0035_000611,1,0.6015625,0.3640625
C0035_000612,1,0.609375,0.3703125
C0035_000613,1,0.6151041666666667,0.37604166666666666
C0035_000614,1,0.6223958333333334,0.3828125
C0035_000615,1,0.6291666666666667,0.3885416666666667
C0035_000616,1,0.6364583333333333,0.3958333333333333
C0035_000617,1,0.6432291666666666,0.403125
C0035_000618,1,0.65,0.4114583333333333
C0035_000619,1,0.6572916666666667,0.41875
C0035_000620,1,0.6651041666666667,0.428125
C0035_000621,1,0.6729166666666667,0.43645833333333334
C0035_000622,1,0.678125,0.44479166666666664
C0035_000623,1,0.6864583333333333,0.45364583333333336
C0035_000624,1,0.6921875,0.46197916666666666
C0035_000625,1,0.6994791666666667,0.46927083333333336
C0035_000626,1,0.7072916666666667,0.48385416666666664
C0035_000627,1,0.7130208333333333,0.4921875
C0035_000628,1,0.7213541666666666,0.5020833333333333
C0035_000629,1,0.7291666666666666,0.5130208333333334
C0035_000630,1,0.7354166666666667,0.525
C0035_000631,1,0.7416666666666667,0.5354166666666667
C0035_000632,1,0.7484375,0.5473958333333333
C0035_000633,1,0.75625,0.5583333333333333
C0035_000634,1,0.7625,0.5692708333333333
C0035_000635,1,0.7697916666666667,0.5848958333333333
C0035_000636,1,0.775,0.5901041666666667
C0035_000637,1,0.7786458333333334,0.5796875
C0035_000638,1,0.7817708333333333,0.5661458333333333
C0035_000639,1,0.784375,0.5567708333333333
C0035_000640,1,0.7880208333333333,0.5447916666666667
C0035_000641,1,0.7911458333333333,0.5348958333333333
C0035_000642,1,0.7942708333333334,0.5239583333333333
C0035_000643,1,0.796875,0.5125
C0035_000644,1,0.8010416666666667,0.5026041666666666
C0035_000645,1,0.8046875,0.49322916666666666
C0035_000646,1,0.8078125,0.48333333333333334
C0035_000647,1,0.8109375,0.475
C0035_000648,1,0.8140625,0.465625
C0035_000649,1,0.8171875,0.4578125
C0035_000650,1,0.8208333333333333,0.4510416666666667
C0035_000651,1,0.8234375,0.4427083333333333
C0035_000652,1,0.8265625,0.43645833333333334
C0035_000653,1,0.83125,0.42864583333333334
C0035_000654,1,0.8333333333333334,0.4234375
C0035_000655,1,0.8359375,0.41822916666666665
C0035_000656,1,0.840625,0.41041666666666665
C0035_000657,1,0.8427083333333333,0.40625
C0035_000658,1,0.8458333333333333,0.40208333333333335
C0035_000659,1,0.8447916666666667,0.39479166666666665
C0035_000660,1,0.8369791666666667,0.3932291666666667
C0035_000661,1,0.8276041666666667,0.39010416666666664
C0035_000662,1,0.8161458333333333,0.38385416666666666
C0035_000663,1,0.8088541666666667,0.38177083333333334
C0035_000664,1,0.8015625,0.3796875
C0035_000665,1,0.7921875,0.37604166666666666
C0035_000666,1,0.7833333333333333,0.3729166666666667
C0035_000667,1,0.775,0.3697916666666667
C0035_000668,1,0.7661458333333333,0.36875
C0035_000669,1,0.7572916666666667,0.36822916666666666
C0035_000670,1,0.7494791666666667,0.36666666666666664
C0035_000671,1,0.740625,0.3651041666666667
C0035_000672,1,0.7328125,0.3671875
C0035_000673,1,0.7244791666666667,0.36666666666666664
C0035_000674,1,0.7166666666666667,0.36875
C0035_000675,1,0.7072916666666667,0.36614583333333334
C0035_000676,1,0.7010416666666667,0.36770833333333336
C0035_000677,1,0.6927083333333334,0.37083333333333335
C0035_000678,1,0.684375,0.37083333333333335
C0035_000679,1,0.6755208333333333,0.37447916666666664
C0035_000680,1,0.6677083333333333,0.37604166666666666
C0035_000681,1,0.6619791666666667,0.3802083333333333
C0035_000682,1,0.6546875,0.38125
C0035_000683,1,0.6453125,0.38333333333333336
C0035_000684,1,0.6385416666666667,0.3885416666666667
C0035_000685,1,0.6296875,0.3921875
C0035_000686,1,0.621875,0.3963541666666667
C0035_000687,1,0.6135416666666667,0.4005208333333333
C0035_000688,1,0.6067708333333334,0.40625
C0035_000689,1,0.5979166666666667,0.4114583333333333
C0035_000690,1,0.5916666666666667,0.4166666666666667
C0035_000691,1,0.5859375,0.42239583333333336
C0035_000692,1,0.5770833333333333,0.4296875
C0035_000693,1,0.5703125,0.4359375
C0035_000694,1,0.5635416666666667,0.440625
C0035_000695,1,0.5557291666666667,0.4479166666666667
C0035_000696,1,0.5489583333333333,0.4546875
C0035_000697,1,0.540625,0.4625
C0035_000698,1,0.534375,0.4708333333333333
C0035_000699,1,0.5260416666666666,0.47708333333333336
C0035_000700,1,0.51875,0.4895833333333333
C0035_000701,1,0.5130208333333334,0.49635416666666665
C0035_000702,1,0.5057291666666667,0.5046875
C0035_000703,1,0.49947916666666664,0.515625
C0035_000704,1,0.49166666666666664,0.5229166666666667
C0035_000705,1,0.48541666666666666,0.5348958333333333
C0035_000706,1,0.4786458333333333,0.5427083333333333
C0035_000707,1,0.471875,0.5536458333333333
C0035_000708,1,0.4661458333333333,0.565625
C0035_000709,1,0.45989583333333334,0.5786458333333333
C0035_000710,1,0.453125,0.5864583333333333
C0035_000711,1,0.44479166666666664,0.5963541666666666
C0035_000712,1,0.43854166666666666,0.6104166666666667
C0035_000713,1,0.434375,0.6046875
C0035_000714,1,0.4296875,0.5927083333333333
C0035_000715,1,0.42604166666666665,0.5854166666666667
C0035_000716,1,0.42135416666666664,0.5807291666666666
C0035_000717,1,0.41770833333333335,0.5677083333333334
C0035_000718,1,0.41354166666666664,0.559375
C0035_000719,1,0.4088541666666667,0.5505208333333333
C0035_000720,1,0.40677083333333336,0.54375
C0035_000721,1,0.4005208333333333,0.5333333333333333
C0035_000722,1,0.39739583333333334,0.525
C0035_000723,1,0.39479166666666665,0.5197916666666667
C0035_000724,1,0.3890625,0.5140625
C0035_000725,1,0.38697916666666665,0.5067708333333333
C0035_000726,1,0.38125,0.49895833333333334
C0035_000727,1,0.3765625,0.49270833333333336
C0035_000728,1,0.37395833333333334,0.4890625
C0035_000729,1,0.3697916666666667,0.4822916666666667
C0035_000730,1,0.3640625,0.47708333333333336
C0035_000731,1,0.3619791666666667,0.47291666666666665
C0035_000732,1,0.3578125,0.4713541666666667
C0035_000733,1,0.3546875,0.465625
C0035_000734,1,0.3494791666666667,0.46458333333333335
C0035_000735,1,0.34739583333333335,0.4625
C0035_000736,1,0.3421875,0.4578125
C0035_000737,1,0.3390625,0.4546875
C0035_000738,1,0.33541666666666664,0.45364583333333336
C0035_000739,1,0.33125,0.4505208333333333
C0035_000740,1,0.32864583333333336,0.4505208333333333
C0035_000741,1,0.32395833333333335,0.4473958333333333
C0035_000742,1,0.31979166666666664,0.4479166666666667
C0035_000743,1,0.31666666666666665,0.4479166666666667
C0035_000744,1,0.31354166666666666,0.4479166666666667
C0035_000745,1,0.3104166666666667,0.4473958333333333
C0035_000746,1,0.30625,0.44895833333333335
C0035_000747,1,0.30364583333333334,0.4473958333333333
C0035_000748,1,0.30885416666666665,0.4375
C0035_000749,1,0.3145833333333333,0.42916666666666664
C0035_000750,1,0.321875,0.4197916666666667
C0035_000751,1,0.3265625,0.40989583333333335
C0035_000752,1,0.3338541666666667,0.40208333333333335
C0035_000753,1,0.340625,0.3932291666666667
C0035_000754,1,0.3463541666666667,0.3828125
C0035_000755,1,0.35260416666666666,0.3770833333333333
C0035_000756,1,0.35885416666666664,0.3697916666666667
C0035_000757,1,0.365625,0.3614583333333333
C0035_000758,1,0.371875,0.353125
C0035_000759,1,0.3776041666666667,0.35
C0035_000760,1,0.38333333333333336,0.340625
C0035_000761,1,0.39010416666666664,0.33697916666666666
C0035_000762,1,0.39791666666666664,0.33177083333333335
C0035_000763,1,0.4036458333333333,0.3260416666666667
C0035_000764,1,0.409375,0.32083333333333336
C0035_000765,1,0.415625,0.3151041666666667
C0035_000766,1,0.42135416666666664,0.3125
C0035_000767,1,0.428125,0.309375
C0035_000768,1,0.434375,0.30625
C0035_000769,1,0.4401041666666667,0.3026041666666667
C0035_000770,1,0.4453125,0.30104166666666665
C0035_000771,1,0.453125,0.29739583333333336
C0035_000772,1,0.459375,0.2953125
C0035_000773,1,0.46458333333333335,0.2947916666666667
C0035_000774,1,0.4708333333333333,0.29375
C0035_000775,1,0.478125,0.290625
C0035_000776,1,0.48385416666666664,0.2911458333333333
C0035_000777,1,0.4901041666666667,0.28802083333333334
C0035_000778,1,0.496875,0.29010416666666666
C0035_000779,1,0.5015625,0.2890625
C0035_000780,1,0.5083333333333333,0.290625
C0035_000781,1,0.5151041666666667,0.290625
C0035_000782,1,0.521875,0.29375
C0035_000783,1,0.528125,0.29270833333333335
C0035_000784,1,0.534375,0.29322916666666665
C0035_000785,1,0.5401041666666667,0.29635416666666664
C0035_000786,1,0.5473958333333333,0.30052083333333335
C0035_000787,1,0.553125,0.3020833333333333
C0035_000788,1,0.559375,0.30520833333333336
C0035_000789,1,0.565625,0.30833333333333335
C0035_000790,1,0.571875,0.31354166666666666
C0035_000791,1,0.5770833333333333,0.31666666666666665
C0035_000792,1,0.584375,0.32083333333333336
C0035_000793,1,0.5895833333333333,0.325
C0035_000794,1,0.596875,0.3302083333333333
C0035_000795,1,0.6020833333333333,0.33697916666666666
C0035_000796,1,0.6078125,0.3421875
C0035_000797,1,0.6151041666666667,0.3458333333333333
C0035_000798,1,0.6208333333333333,0.353125
C0035_000799,1,0.6265625,0.35989583333333336
C0035_000800,1,0.634375,0.36822916666666666
C0035_000801,1,0.6411458333333333,0.37447916666666664
C0035_000802,1,0.6463541666666667,0.38333333333333336
C0035_000803,1,0.6520833333333333,0.39114583333333336
C0035_000804,1,0.659375,0.39895833333333336
C0035_000805,1,0.6645833333333333,0.4088541666666667
C0035_000806,1,0.671875,0.4161458333333333
C0035_000807,1,0.6776041666666667,0.425
C0035_000808,1,0.6828125,0.434375
C0035_000809,1,0.6895833333333333,0.4453125
C0035_000810,1,0.6958333333333333,0.4557291666666667
C0035_000811,1,0.7026041666666667,0.4661458333333333
C0035_000812,1,0.7083333333333334,0.4786458333333333
C0035_000813,1,0.7161458333333334,0.48802083333333335
C0035_000814,1,0.7197916666666667,0.4984375
C0035_000815,1,0.7265625,0.5119791666666667
C0035_000816,1,0.7322916666666667,0.525
C0035_000817,1,0.7390625,0.5354166666666667
C0035_000818,1,0.7453125,0.5489583333333333
C0035_000819,1,0.7510416666666667,0.5630208333333333
C0035_000820,1,0.7578125,0.5744791666666667
C0035_000821,1,0.7635416666666667,0.5895833333333333
C0035_000822,1,0.7677083333333333,0.5885416666666666
C0035_000823,1,0.7708333333333334,0.5729166666666666
C0035_000824,1,0.775,0.5619791666666667
C0035_000825,1,0.7770833333333333,0.5520833333333334
C0035_000826,1,0.7796875,0.5395833333333333
C0035_000827,1,0.7828125,0.5270833333333333
C0035_000828,1,0.784375,0.5135416666666667
C0035_000829,1,0.7885416666666667,0.5052083333333334
C0035_000830,1,0.7911458333333333,0.49270833333333336
C0035_000831,1,0.7947916666666667,0.4822916666666667
C0035_000832,1,0.7979166666666667,0.4734375
C0035_000833,1,0.8010416666666667,0.46458333333333335
C0035_000834,1,0.8046875,0.45364583333333336
C0035_000835,1,0.8078125,0.44635416666666666
C0035_000836,1,0.8104166666666667,0.4375
C0035_000837,1,0.8130208333333333,0.4296875
C0035_000838,1,0.8161458333333333,0.421875
C0035_000839,1,0.8192708333333333,0.4161458333333333
C0035_000840,1,0.8229166666666666,0.40677083333333336
C0035_000841,1,0.8244791666666667,0.4010416666666667
C0035_000842,1,0.828125,0.39479166666666665
C0035_000843,1,0.8317708333333333,0.3885416666666667
C0035_000844,1,0.8359375,0.38177083333333334
C0035_000845,1,0.83125,0.3776041666666667
C0035_000846,1,0.8208333333333333,0.3692708333333333
C0035_000847,1,0.8125,0.3671875
C0035_000848,1,0.8036458333333333,0.36041666666666666
C0035_000849,1,0.7958333333333333,0.359375
C0035_000850,1,0.7869791666666667,0.35572916666666665
C0035_000851,1,0.7786458333333334,0.35260416666666666
C0035_000852,1,0.7682291666666666,0.3489583333333333
C0035_000853,1,0.7609375,0.34739583333333335
C0035_000854,1,0.7510416666666667,0.34427083333333336
C0035_000855,1,0.7427083333333333,0.340625
C0035_000856,1,0.734375,0.3421875
C0035_000857,1,0.7265625,0.340625
C0035_000858,1,0.715625,0.3380208333333333
C0035_000859,1,0.7088541666666667,0.3385416666666667
C0035_000860,1,0.7,0.3380208333333333
C0035_000861,1,0.6911458333333333,0.3385416666666667
C0035_000862,1,0.6828125,0.3390625
C0035_000863,1,0.675,0.34010416666666665
C0035_000864,1,0.6671875,0.3421875
C0035_000865,1,0.6578125,0.34322916666666664
C0035_000866,1,0.65,0.34479166666666666
C0035_000867,1,0.6427083333333333,0.34739583333333335
C0035_000868,1,0.6348958333333333,0.3489583333333333
C0035_000869,1,0.6244791666666667,0.3536458333333333
C0035_000870,1,0.6171875,0.3541666666666667
C0035_000871,1,0.609375,0.36041666666666666
C0035_000872,1,0.6,0.36354166666666665
C0035_000873,1,0.5927083333333333,0.3671875
C0035_000874,1,0.584375,0.371875
C0035_000875,1,0.5765625,0.37604166666666666
C0035_000876,1,0.5697916666666667,0.38229166666666664
C0035_000877,1,0.5619791666666667,0.3875
C0035_000878,1,0.5536458333333333,0.3921875
C0035_000879,1,0.5442708333333334,0.39947916666666666
C0035_000880,1,0.5369791666666667,0.40625
C0035_000881,1,0.5296875,0.41458333333333336
C0035_000882,1,0.5223958333333333,0.42239583333333336
C0035_000883,1,0.5140625,0.42864583333333334
C0035_000884,1,0.5057291666666667,0.4375
C0035_000885,1,0.4979166666666667,0.44375
C0035_000886,1,0.4895833333333333,0.453125
C0035_000887,1,0.4822916666666667,0.46458333333333335
C0035_000888,1,0.4744791666666667,0.475
C0035_000889,1,0.46822916666666664,0.48385416666666664
C0035_000890,1,0.45989583333333334,0.49375
C0035_000891,1,0.4515625,0.5036458333333333
C0035_000892,1,0.44479166666666664,0.5151041666666667
C0035_000893,1,0.43697916666666664,0.5255208333333333
C0035_000894,1,0.42916666666666664,0.5380208333333333
C0035_000895,1,0.42135416666666664,0.5484375
C0035_000896,1,0.4140625,0.5625
C0035_000897,1,0.40729166666666666,0.5744791666666667
C0035_000898,1,0.39895833333333336,0.5859375
C0035_000899,1,0.3921875,0.6015625
C0035_000900,1,0.384375,0.6130208333333333
C0035_000901,1,0.37916666666666665,0.6239583333333333
C0035_000902,1,0.3734375,0.6104166666666667
C0035_000903,1,0.36875,0.5994791666666667
C0035_000904,1,0.36614583333333334,0.5875
C0035_000905,1,0.3609375,0.5791666666666667
C0035_000906,1,0.35625,0.5677083333333334
C0035_000907,1,0.35104166666666664,0.5572916666666666
C0035_000908,1,0.346875,0.546875
C0035_000909,1,0.34270833333333334,0.5380208333333333
C0035_000910,1,0.33697916666666666,0.5291666666666667
C0035_000911,1,0.334375,0.5223958333333333
C0035_000912,1,0.3302083333333333,0.5125
C0035_000913,1,0.3260416666666667,0.5041666666666667
C0035_000914,1,0.32083333333333336,0.49635416666666665
C0035_000915,1,0.31666666666666665,0.490625
C0035_000916,1,0.31197916666666664,0.48072916666666665
C0035_000917,1,0.3072916666666667,0.47604166666666664
C0035_000918,1,0.3020833333333333,0.46979166666666666
C0035_000919,1,0.29791666666666666,0.46458333333333335
C0035_000920,1,0.29375,0.459375
C0035_000921,1,0.29010416666666666,0.4552083333333333
C0035_000922,1,0.2859375,0.446875
C0035_000923,1,0.28072916666666664,0.44583333333333336
C0035_000924,1,0.2765625,0.440625
C0035_000925,1,0.271875,0.43645833333333334
C0035_000926,1,0.2682291666666667,0.434375
C0035_000927,1,0.2640625,0.43125
C0035_000928,1,0.2598958333333333,0.4276041666666667
C0035_000929,1,0.2546875,0.4270833333333333
C0035_000930,1,0.2515625,0.42604166666666665
C0035_000931,1,0.24791666666666667,0.4234375
C0035_000932,1,0.24322916666666666,0.42135416666666664
C0035_000933,1,0.23854166666666668,0.42135416666666664
C0035_000934,1,0.234375,0.42239583333333336
C0035_000935,1,0.23125,0.421875
C0035_000936,1,0.2265625,0.4192708333333333
C0035_000937,1,0.23177083333333334,0.4114583333333333
C0035_000938,1,0.24114583333333334,0.39947916666666666
C0035_000939,1,0.24895833333333334,0.3890625
C0035_000940,1,0.25729166666666664,0.378125
C0035_000941,1,0.26666666666666666,0.365625
C0035_000942,1,0.2760416666666667,0.3567708333333333
C0035_000943,1,0.2838541666666667,0.3458333333333333
C0035_000944,1,0.29375,0.3375
C0035_000945,1,0.3020833333333333,0.32708333333333334
C0035_000946,1,0.3109375,0.3171875
C0035_000947,1,0.31979166666666664,0.31145833333333334
C0035_000948,1,0.32708333333333334,0.30520833333333336
C0035_000949,1,0.3359375,0.29635416666666664
C0035_000950,1,0.3453125,0.290625
C0035_000951,1,0.35260416666666666,0.28229166666666666
C0035_000952,1,0.3614583333333333,0.27708333333333335
C0035_000953,1,0.3703125,0.2713541666666667
C0035_000954,1,0.37864583333333335,0.26614583333333336
C0035_000955,1,0.38697916666666665,0.26145833333333335
C0035_000956,1,0.3953125,0.2578125
C0035_000957,1,0.403125,0.2515625
C0035_000958,1,0.4114583333333333,0.24947916666666667
C0035_000959,1,0.4203125,0.24479166666666666
C0035_000960,1,0.4276041666666667,0.24322916666666666
C0035_000961,1,0.4359375,0.23958333333333334
C0035_000962,1,0.44427083333333334,0.2390625
C0035_000963,1,0.453125,0.23541666666666666
C0035_000964,1,0.459375,0.23489583333333333
C0035_000965,1,0.46875,0.23385416666666667
C0035_000966,1,0.4765625,0.23229166666666667
C0035_000967,1,0.484375,0.23229166666666667
C0035_000968,1,0.49166666666666664,0.2328125
C0035_000969,1,0.5005208333333333,0.23177083333333334
C0035_000970,1,0.5072916666666667,0.23333333333333334
C0035_000971,1,0.515625,0.234375
C0035_000972,1,0.5239583333333333,0.2359375
C0035_000973,1,0.5317708333333333,0.23697916666666666
C0035_000974,1,0.5380208333333333,0.24010416666666667
C0035_000975,1,0.546875,0.24270833333333333
C0035_000976,1,0.5546875,0.24583333333333332
C0035_000977,1,0.5614583333333333,0.24791666666666667
C0035_000978,1,0.5692708333333333,0.253125
C0035_000979,1,0.5770833333333333,0.25729166666666664
C0035_000980,1,0.5848958333333333,0.2609375
C0035_000981,1,0.5927083333333333,0.26510416666666664
C0035_000982,1,0.5989583333333334,0.26979166666666665
C0035_000983,1,0.6083333333333333,0.2755208333333333
C0035_000984,1,0.6145833333333334,0.28177083333333336
C0035_000985,1,0.6229166666666667,0.2869791666666667
C0035_000986,1,0.6291666666666667,0.29322916666666665
C0035_000987,1,0.6375,0.3
C0035_000988,1,0.6453125,0.3072916666666667
C0035_000989,1,0.6510416666666666,0.31302083333333336
C0035_000990,1,0.6588541666666666,0.321875
C0035_000991,1,0.6677083333333333,0.3296875
C0035_000992,1,0.6739583333333333,0.3385416666666667
C0035_000993,1,0.6807291666666667,0.346875
C0035_000994,1,0.6880208333333333,0.35625
C0035_000995,1,0.6953125,0.3640625
C0035_000996,1,0.7020833333333333,0.37395833333333334
C0035_000997,1,0.709375,0.3854166666666667
C0035_000998,1,0.7161458333333334,0.39479166666666665
C0035_000999,1,0.7229166666666667,0.40520833333333334
C0035_001000,1,0.7296875,0.4161458333333333
C0035_001001,1,0.7375,0.42864583333333334
C0035_001002,1,0.7447916666666666,0.4401041666666667
C0035_001003,1,0.7510416666666667,0.4510416666666667
C0035_001004,1,0.7572916666666667,0.4635416666666667
C0035_001005,1,0.7651041666666667,0.4765625
C0035_001006,1,0.7708333333333334,0.4890625
C0035_001007,1,0.7786458333333334,0.5026041666666666
C0035_001008,1,0.784375,0.5140625
C0035_001009,1,0.7911458333333333,0.5276041666666667
C0035_001010,1,0.7984375,0.5427083333333333
C0035_001011,1,0.8041666666666667,0.5567708333333333
C0035_001012,1,0.8114583333333333,0.5697916666666667
C0035_001013,1,0.8182291666666667,0.584375
C0035_001014,1,0.8223958333333333,0.5895833333333333
C0035_001015,1,0.8270833333333333,0.5723958333333333
C0035_001016,1,0.8302083333333333,0.5635416666666667
C0035_001017,1,0.8338541666666667,0.5484375
C0035_001018,1,0.8385416666666666,0.5369791666666667
C0035_001019,1,0.8411458333333334,0.5223958333333333
C0035_001020,1,0.8447916666666667,0.5098958333333333
C0035_001021,1,0.8494791666666667,0.4979166666666667
C0035_001022,1,0.8526041666666667,0.4864583333333333
C0035_001023,1,0.8572916666666667,0.4739583333333333
C0035_001024,1,0.8609375,0.46458333333333335
C0035_001025,1,0.8645833333333334,0.45416666666666666
C0035_001026,1,0.8682291666666667,0.44375
C0035_001027,1,0.871875,0.4328125
C0035_001028,1,0.8765625,0.425
C0035_001029,1,0.8791666666666667,0.4166666666666667
C0035_001030,1,0.8833333333333333,0.40729166666666666
C0035_001031,1,0.8864583333333333,0.39895833333333336
C0035_001032,1,0.8901041666666667,0.3927083333333333
C0035_001033,1,0.89375,0.3854166666666667
C0035_001034,1,0.8984375,0.375
C0035_001035,1,0.9020833333333333,0.37083333333333335
C0035_001036,1,0.903125,0.36354166666666665
C0035_001037,1,0.8932291666666666,0.3578125
C0035_001038,1,0.8817708333333333,0.35052083333333334
C0035_001039,1,0.8692708333333333,0.3453125
C0035_001040,1,0.859375,0.34010416666666665
C0035_001041,1,0.85,0.33645833333333336
C0035_001042,1,0.840625,0.33177083333333335
C0035_001043,1,0.8286458333333333,0.32760416666666664
C0035_001044,1,0.8177083333333334,0.325
C0035_001045,1,0.8088541666666667,0.3203125
C0035_001046,1,0.7984375,0.3182291666666667
C0035_001047,1,0.7880208333333333,0.315625
C0035_001048,1,0.778125,0.31302083333333336
C0035_001049,1,0.76875,0.31197916666666664
C0035_001050,1,0.7583333333333333,0.3098958333333333
C0035_001051,1,0.7479166666666667,0.30833333333333335
C0035_001052,1,0.7385416666666667,0.3072916666666667
C0035_001053,1,0.7291666666666666,0.3072916666666667
C0035_001054,1,0.71875,0.3067708333333333
C0035_001055,1,0.7098958333333333,0.30572916666666666
C0035_001056,1,0.7005208333333334,0.30625
C0035_001057,1,0.6911458333333333,0.3072916666666667
C0035_001058,1,0.6817708333333333,0.3098958333333333
C0035_001059,1,0.6723958333333333,0.3104166666666667
C0035_001060,1,0.6625,0.31197916666666664
C0035_001061,1,0.653125,0.3140625
C0035_001062,1,0.6442708333333333,0.31614583333333335
C0035_001063,1,0.6348958333333333,0.31875
C0035_001064,1,0.6260416666666667,0.321875
C0035_001065,1,0.6166666666666667,0.3265625
C0035_001066,1,0.6072916666666667,0.3296875
C0035_001067,1,0.5989583333333334,0.3338541666666667
C0035_001068,1,0.590625,0.3375
C0035_001069,1,0.5807291666666666,0.3416666666666667
C0035_001070,1,0.5723958333333333,0.3463541666666667
C0035_001071,1,0.5625,0.35208333333333336
C0035_001072,1,0.5552083333333333,0.3572916666666667
C0035_001073,1,0.5458333333333333,0.3619791666666667
C0035_001074,1,0.5369791666666667,0.3697916666666667
C0035_001075,1,0.5286458333333334,0.3776041666666667
C0035_001076,1,0.5203125,0.38177083333333334
C0035_001077,1,0.5104166666666666,0.39166666666666666
C0035_001078,1,0.5020833333333333,0.4
C0035_001079,1,0.49375,0.40520833333333334
C0035_001080,1,0.48489583333333336,0.41458333333333336
C0035_001081,1,0.47708333333333336,0.42239583333333336
C0035_001082,1,0.46822916666666664,0.4317708333333333
C0035_001083,1,0.45989583333333334,0.4395833333333333
C0035_001084,1,0.4515625,0.44947916666666665
C0035_001085,1,0.44375,0.459375
C0035_001086,1,0.43645833333333334,0.46979166666666666
C0035_001087,1,0.428125,0.48020833333333335
C0035_001088,1,0.4192708333333333,0.4890625
C0035_001089,1,0.4119791666666667,0.49947916666666664
C0035_001090,1,0.403125,0.5114583333333333
C0035_001091,1,0.39427083333333335,0.5229166666666667
C0035_001092,1,0.38697916666666665,0.5338541666666666
C0035_001093,1,0.37864583333333335,0.5463541666666667
C0035_001094,1,0.37083333333333335,0.5583333333333333
C0035_001095,1,0.36354166666666665,0.5708333333333333
C0035_001096,1,0.3541666666666667,0.5854166666666667
C0035_001097,1,0.34791666666666665,0.5958333333333333
C0035_001098,1,0.34010416666666665,0.6098958333333333
C0035_001099,1,0.33177083333333335,0.6223958333333334
C0035_001100,1,0.328125,0.6114583333333333
C0035_001101,1,0.3229166666666667,0.6
C0035_001102,1,0.3177083333333333,0.590625
C0035_001103,1,0.3145833333333333,0.5791666666666667
C0035_001104,1,0.3104166666666667,0.56875
C0035_001105,1,0.3046875,0.55625
C0035_001106,1,0.30052083333333335,0.5479166666666667
C0035_001107,1,0.29635416666666664,0.5385416666666667
C0035_001108,1,0.290625,0.5286458333333334
C0035_001109,1,0.2875,0.5203125
C0035_001110,1,0.28229166666666666,0.5119791666666667
C0035_001111,1,0.27760416666666665,0.5036458333333333
C0035_001112,1,0.27395833333333336,0.49635416666666665
C0035_001113,1,0.26927083333333335,0.4895833333333333
C0035_001114,1,0.26458333333333334,0.4817708333333333
C0035_001115,1,0.2598958333333333,0.47552083333333334
C0035_001116,1,0.25625,0.46875
C0035_001117,1,0.2515625,0.4630208333333333
C0035_001118,1,0.24739583333333334,0.45989583333333334
C0035_001119,1,0.24322916666666666,0.45260416666666664
C0035_001120,1,0.23854166666666668,0.44895833333333335
C0035_001121,1,0.234375,0.44427083333333334
C0035_001122,1,0.23072916666666668,0.4401041666666667
C0035_001123,1,0.22552083333333334,0.43645833333333334
C0035_001124,1,0.22135416666666666,0.4317708333333333
C0035_001125,1,0.2234375,0.42552083333333335
C0035_001126,1,0.23229166666666667,0.41875
C0035_001127,1,0.24166666666666667,0.4119791666666667
C0035_001128,1,0.24947916666666667,0.40520833333333334
C0035_001129,1,0.26145833333333335,0.3984375
C0035_001130,1,0.26927083333333335,0.3932291666666667
C0035_001131,1,0.28020833333333334,0.3875
C0035_001132,1,0.28802083333333334,0.3807291666666667
C0035_001133,1,0.2989583333333333,0.3770833333333333
C0035_001134,1,0.30833333333333335,0.3723958333333333
C0035_001135,1,0.3171875,0.36822916666666666
C0035_001136,1,0.325,0.36354166666666665
C0035_001137,1,0.33541666666666664,0.36041666666666666
C0035_001138,1,0.34322916666666664,0.3572916666666667
C0035_001139,1,0.353125,0.3546875
C0035_001140,1,0.3625,0.35104166666666664
C0035_001141,1,0.37083333333333335,0.35052083333333334
C0035_001142,1,0.3802083333333333,0.34791666666666665
C0035_001143,1,0.3890625,0.3463541666666667
C0035_001144,1,0.39791666666666664,0.3453125
C0035_001145,1,0.40625,0.34375
C0035_001146,1,0.415625,0.34322916666666664
C0035_001147,1,0.4239583333333333,0.34375
C0035_001148,1,0.4328125,0.34375
C0035_001149,1,0.44114583333333335,0.34270833333333334
C0035_001150,1,0.44895833333333335,0.34270833333333334
C0035_001151,1,0.4578125,0.34322916666666664
C0035_001152,1,0.4666666666666667,0.3416666666666667
C0035_001153,1,0.47552083333333334,0.34739583333333335
C0035_001154,1,0.48385416666666664,0.3484375
C0035_001155,1,0.4921875,0.35052083333333334
C0035_001156,1,0.49947916666666664,0.353125
C0035_001157,1,0.5078125,0.3572916666666667
C0035_001158,1,0.5171875,0.35885416666666664
C0035_001159,1,0.5255208333333333,0.3614583333333333
C0035_001160,1,0.5328125,0.36614583333333334
C0035_001161,1,0.5421875,0.3703125
C0035_001162,1,0.55,0.3765625
C0035_001163,1,0.5567708333333333,0.37864583333333335
C0035_001164,1,0.565625,0.384375
C0035_001165,1,0.5734375,0.390625
C0035_001166,1,0.58125,0.39479166666666665
C0035_001167,1,0.5885416666666666,0.403125
C0035_001168,1,0.596875,0.409375
C0035_001169,1,0.6052083333333333,0.41458333333333336
C0035_001170,1,0.6119791666666666,0.4197916666666667
C0035_001171,1,0.6213541666666667,0.4276041666666667
C0035_001172,1,0.6286458333333333,0.4354166666666667
C0035_001173,1,0.6354166666666666,0.4427083333333333
C0035_001174,1,0.64375,0.4515625
C0035_001175,1,0.6515625,0.4588541666666667
C0035_001176,1,0.659375,0.46875
C0035_001177,1,0.6671875,0.47760416666666666
C0035_001178,1,0.6734375,0.48489583333333336
C0035_001179,1,0.6817708333333333,0.49583333333333335
C0035_001180,1,0.6895833333333333,0.5067708333333333
C0035_001181,1,0.6963541666666667,0.5140625
C0035_001182,1,0.7036458333333333,0.5239583333333333
C0035_001183,1,0.7114583333333333,0.5364583333333334
C0035_001184,1,0.7182291666666667,0.5453125
C0035_001185,1,0.7265625,0.5572916666666666
C0035_001186,1,0.7338541666666667,0.5677083333333334
C0035_001187,1,0.7411458333333333,0.5786458333333333
C0035_001188,1,0.7479166666666667,0.5916666666666667
C0035_001189,1,0.7520833333333333,0.5822916666666667
C0035_001190,1,0.7552083333333334,0.5713541666666667
C0035_001191,1,0.759375,0.5614583333333333
C0035_001192,1,0.7630208333333334,0.5494791666666666
C0035_001193,1,0.765625,0.540625
C0035_001194,1,0.7703125,0.5302083333333333
C0035_001195,1,0.7734375,0.5208333333333334
C0035_001196,1,0.7770833333333333,0.5114583333333333
C0035_001197,1,0.7802083333333333,0.5010416666666667
C0035_001198,1,0.7848958333333333,0.49375
C0035_001199,1,0.7880208333333333,0.48489583333333336
C0035_001200,1,0.7916666666666666,0.47760416666666666
C0035_001201,1,0.7947916666666667,0.4708333333333333
C0035_001202,1,0.7989583333333333,0.4635416666666667
C0035_001203,1,0.8020833333333334,0.45625
C0035_001204,1,0.80625,0.44947916666666665
C0035_001205,1,0.809375,0.44375
C0035_001206,1,0.8104166666666667,0.43854166666666666
C0035_001207,1,0.8020833333333334,0.43385416666666665
C0035_001208,1,0.7921875,0.4265625
C0035_001209,1,0.7838541666666666,0.4234375
C0035_001210,1,0.7729166666666667,0.41875
C0035_001211,1,0.7635416666666667,0.4140625
C0035_001212,1,0.7541666666666667,0.41041666666666665
C0035_001213,1,0.74375,0.40729166666666666
C0035_001214,1,0.7369791666666666,0.4036458333333333
C0035_001215,1,0.7270833333333333,0.4015625
C0035_001216,1,0.7182291666666667,0.39947916666666666
C0035_001217,1,0.709375,0.396875
C0035_001218,1,0.7,0.3958333333333333
C0035_001219,1,0.6921875,0.39427083333333335
C0035_001220,1,0.6828125,0.3932291666666667
C0035_001221,1,0.6744791666666666,0.3927083333333333
C0035_001222,1,0.665625,0.39166666666666666
C0035_001223,1,0.6567708333333333,0.3921875
C0035_001224,1,0.6484375,0.39166666666666666
C0035_001225,1,0.6401041666666667,0.3927083333333333
C0035_001226,1,0.6307291666666667,0.39375
C0035_001227,1,0.6229166666666667,0.39479166666666665
C0035_001228,1,0.6140625,0.39739583333333334
C0035_001229,1,0.60625,0.39947916666666666
C0035_001230,1,0.5979166666666667,0.4005208333333333
C0035_001231,1,0.5901041666666667,0.403125
C0035_001232,1,0.5822916666666667,0.40520833333333334
C0035_001233,1,0.5739583333333333,0.4083333333333333
C0035_001234,1,0.565625,0.4119791666666667
C0035_001235,1,0.5572916666666666,0.4166666666666667
C0035_001236,1,0.55,0.4203125
C0035_001237,1,0.5427083333333333,0.4239583333333333
C0035_001238,1,0.5348958333333333,0.42864583333333334
C0035_001239,1,0.5265625,0.43333333333333335
C0035_001240,1,0.5192708333333333,0.4375
C0035_001241,1,0.5114583333333333,0.4432291666666667
C0035_001242,1,0.5041666666666667,0.45
C0035_001243,1,0.496875,0.4546875
C0035_001244,1,0.4895833333333333,0.46145833333333336
C0035_001245,1,0.4822916666666667,0.46875
C0035_001246,1,0.475,0.475
C0035_001247,1,0.4671875,0.4822916666666667
C0035_001248,1,0.46041666666666664,0.4901041666666667
C0035_001249,1,0.453125,0.49947916666666664
C0035_001250,1,0.4453125,0.5046875
C0035_001251,1,0.4390625,0.515625
C0035_001252,1,0.4328125,0.5223958333333333
C0035_001253,1,0.42604166666666665,0.5317708333333333
C0035_001254,1,0.41770833333333335,0.540625
C0035_001255,1,0.4114583333333333,0.55
C0035_001256,1,0.4046875,0.559375
C0035_001257,1,0.39791666666666664,0.5703125
C0035_001258,1,0.39114583333333336,0.5786458333333333
C0035_001259,1,0.3854166666666667,0.5890625
C0035_001260,1,0.37864583333333335,0.5994791666666667
C0035_001261,1,0.37135416666666665,0.6109375
C0035_001262,1,0.3671875,0.6026041666666667
C0035_001263,1,0.36302083333333335,0.5953125
C0035_001264,1,0.35833333333333334,0.5833333333333334
C0035_001265,1,0.3541666666666667,0.5770833333333333
C0035_001266,1,0.35,0.5671875
C0035_001267,1,0.3458333333333333,0.5598958333333334
C0035_001268,1,0.3416666666666667,0.5505208333333333
C0035_001269,1,0.3375,0.5442708333333334
C0035_001270,1,0.3338541666666667,0.5375
C0035_001271,1,0.32916666666666666,0.5291666666666667
C0035_001272,1,0.3255208333333333,0.5239583333333333
C0035_001273,1,0.32135416666666666,0.5182291666666666
C0035_001274,1,0.3177083333333333,0.5125
C0035_001275,1,0.31354166666666666,0.50625
C0035_001276,1,0.3098958333333333,0.5015625
C0035_001277,1,0.3182291666666667,0.4921875
C0035_001278,1,0.3265625,0.4859375
C0035_001279,1,0.33489583333333334,0.478125
C0035_001280,1,0.34322916666666664,0.4713541666666667
C0035_001281,1,0.353125,0.46510416666666665
C0035_001282,1,0.3614583333333333,0.4578125
C0035_001283,1,0.371875,0.45260416666666664
C0035_001284,1,0.3807291666666667,0.44635416666666666
C0035_001285,1,0.38958333333333334,0.44166666666666665
C0035_001286,1,0.39791666666666664,0.43697916666666664
C0035_001287,1,0.40729166666666666,0.43125
C0035_001288,1,0.415625,0.4270833333333333
C0035_001289,1,0.4244791666666667,0.42239583333333336
C0035_001290,1,0.43385416666666665,0.41822916666666665
C0035_001291,1,0.4427083333333333,0.41510416666666666
C0035_001292,1,0.4505208333333333,0.4109375
C0035_001293,1,0.45989583333333334,0.4083333333333333
C0035_001294,1,0.46875,0.40572916666666664
C0035_001295,1,0.47708333333333336,0.40260416666666665
C0035_001296,1,0.4859375,0.4005208333333333
C0035_001297,1,0.4947916666666667,0.39895833333333336
C0035_001298,1,0.5026041666666666,0.396875
C0035_001299,1,0.5125,0.3953125
C0035_001300,1,0.5223958333333333,0.39427083333333335
C0035_001301,1,0.53125,0.3932291666666667
C0035_001302,1,0.5401041666666667,0.3927083333333333
C0035_001303,1,0.5489583333333333,0.39166666666666666
C0035_001304,1,0.5567708333333333,0.3921875
C0035_001305,1,0.565625,0.3927083333333333
C0035_001306,1,0.5734375,0.3927083333333333
C0035_001307,1,0.5828125,0.3953125
C0035_001308,1,0.590625,0.3958333333333333
C0035_001309,1,0.6005208333333333,0.39739583333333334
C0035_001310,1,0.609375,0.39895833333333336
C0035_001311,1,0.6177083333333333,0.4015625
C0035_001312,1,0.6265625,0.40260416666666665
C0035_001313,1,0.6354166666666666,0.40625
C0035_001314,1,0.6442708333333333,0.409375
C0035_001315,1,0.6526041666666667,0.4125
C0035_001316,1,0.6604166666666667,0.4161458333333333
C0035_001317,1,0.6708333333333333,0.4203125
C0035_001318,1,0.6802083333333333,0.4234375
C0035_001319,1,0.6885416666666667,0.42864583333333334
C0035_001320,1,0.6973958333333333,0.43333333333333335
C0035_001321,1,0.7057291666666666,0.4401041666666667
C0035_001322,1,0.715625,0.44479166666666664
C0035_001323,1,0.7239583333333334,0.4515625
C0035_001324,1,0.7333333333333333,0.45677083333333335
C0035_001325,1,0.7416666666666667,0.4625
C0035_001326,1,0.7510416666666667,0.4703125
C0035_001327,1,0.7598958333333333,0.4765625
C0035_001328,1,0.7666666666666667,0.48385416666666664
C0035_001329,1,0.7765625,0.49114583333333334
C0035_001330,1,0.7859375,0.4979166666666667
C0035_001331,1,0.7953125,0.5067708333333333
C0035_001332,1,0.8036458333333333,0.5161458333333333
C0035_001333,1,0.8119791666666667,0.5255208333333333
C0035_001334,1,0.821875,0.534375
C0035_001335,1,0.8302083333333333,0.54375
C0035_001336,1,0.840625,0.553125
C0035_001337,1,0.8494791666666667,0.5640625
C0035_001338,1,0.8578125,0.575
C0035_001339,1,0.8671875,0.5838541666666667
C0035_001340,1,0.875,0.5796875
C0035_001341,1,0.8802083333333334,0.5697916666666667
C0035_001342,1,0.8864583333333333,0.5614583333333333
C0035_001343,1,0.89375,0.55
C0035_001344,1,0.8994791666666667,0.540625
C0035_001345,1,0.9057291666666667,0.5307291666666667
C0035_001346,1,0.9114583333333334,0.5223958333333333
C0035_001347,1,0.9182291666666667,0.5135416666666667
C0035_001348,1,0.9244791666666666,0.5046875
C0035_001349,1,0.9307291666666667,0.4984375
C0035_001350,1,0.9359375,0.4895833333333333
C0035_001351,1,0.9333333333333333,0.4901041666666667
C0035_001352,1,0.9255208333333333,0.496875
C0035_001353,1,0.9182291666666667,0.5026041666666666
C0035_001354,1,0.9098958333333333,0.5083333333333333
C0035_001355,1,0.9020833333333333,0.515625
C0035_001356,1,0.89375,0.521875
C0035_001357,1,0.8875,0.5286458333333334
C0035_001358,1,0.8791666666666667,0.5364583333333334
C0035_001359,1,0.8723958333333334,0.5447916666666667
C0035_001360,1,0.8651041666666667,0.5520833333333334
C0035_001361,1,0.8572916666666667,0.5619791666666667
C0035_001362,1,0.8489583333333334,0.5703125
C0035_001363,1,0.8427083333333333,0.5786458333333333
C0035_001364,1,0.8338541666666667,0.5885416666666666
C0035_001365,1,0.828125,0.5885416666666666
C0035_001366,1,0.821875,0.5802083333333333
C0035_001367,1,0.8151041666666666,0.571875
C0035_001368,1,0.8088541666666667,0.5645833333333333
C0035_001369,1,0.8020833333333334,0.5588541666666667
C0035_001370,1,0.7947916666666667,0.5515625
C0035_001371,1,0.7885416666666667,0.5458333333333333
C0035_001372,1,0.7828125,0.5385416666666667
C0035_001373,1,0.7765625,0.5333333333333333
C0035_001374,1,0.7713541666666667,0.5286458333333334
C0035_001375,1,0.7645833333333333,0.5223958333333333
C0035_001376,1,0.7583333333333333,0.5192708333333333
C0035_001377,1,0.7515625,0.5151041666666667
C0035_001378,1,0.7458333333333333,0.5119791666666667
C0035_001379,1,0.7395833333333334,0.5083333333333333
C0035_001380,1,0.7338541666666667,0.5052083333333334
C0035_001381,1,0.7270833333333333,0.503125
C0035_001382,1,0.721875,0.5005208333333333
C0035_001383,1,0.715625,0.4984375
C0035_001384,1,0.7098958333333333,0.496875
C0035_001385,1,0.7041666666666667,0.496875
C0035_001386,1,0.6979166666666666,0.49583333333333335
C0035_001387,1,0.6927083333333334,0.4953125
C0035_001388,1,0.6875,0.4947916666666667
C0035_001389,1,0.68125,0.4953125
C0035_001390,1,0.675,0.4953125
C0035_001391,1,0.6697916666666667,0.496875
C0035_001392,1,0.6640625,0.4979166666666667
C0035_001393,1,0.6588541666666666,0.5005208333333333
C0035_001394,1,0.653125,0.5010416666666667
C0035_001395,1,0.6473958333333333,0.5036458333333333
C0035_001396,1,0.6427083333333333,0.5067708333333333
C0035_001397,1,0.6364583333333333,0.5088541666666667
C0035_001398,1,0.6307291666666667,0.5130208333333334
C0035_001399,1,0.625,0.5171875
C0035_001400,1,0.6203125,0.5197916666666667
C0035_001401,1,0.6151041666666667,0.525
C0035_001402,1,0.6098958333333333,0.5296875
C0035_001403,1,0.6041666666666666,0.5338541666666666
C0035_001404,1,0.5994791666666667,0.5401041666666667
C0035_001405,1,0.5932291666666667,0.5453125
C0035_001406,1,0.5890625,0.5520833333333334
C0035_001407,1,0.5838541666666667,0.5583333333333333
C0035_001408,1,0.578125,0.5645833333333333
C0035_001409,1,0.5729166666666666,0.5713541666666667
C0035_001410,1,0.5682291666666667,0.5791666666666667
C0035_001411,1,0.5630208333333333,0.5864583333333333
C0035_001412,1,0.5583333333333333,0.59375
C0035_001413,1,0.5536458333333333,0.6015625
C0035_001414,1,0.5484375,0.6114583333333333
C0035_001415,1,0.54375,0.6046875
C0035_001416,1,0.5385416666666667,0.5973958333333333
C0035_001417,1,0.53125,0.5921875
C0035_001418,1,0.5286458333333334,0.5859375
C0035_001419,1,0.5229166666666667,0.5786458333333333
C0035_001420,1,0.5182291666666666,0.571875
C0035_001421,1,0.5182291666666666,0.5661458333333333
C0035_001422,1,0.5192708333333333,0.5609375
C0035_001423,1,0.5197916666666667,0.5578125
C0035_001424,1,0.5223958333333333,0.5520833333333334
C0035_001425,1,0.5234375,0.5489583333333333
C0035_001426,1,0.5260416666666666,0.5458333333333333
C0035_001427,1,0.528125,0.5427083333333333
C0035_001428,1,0.5296875,0.5411458333333333
C0035_001429,1,0.5322916666666667,0.5380208333333333
C0035_001430,1,0.534375,0.5364583333333334
C0035_001431,1,0.5364583333333334,0.534375
C0035_001432,1,0.5385416666666667,0.5322916666666667
C0035_001433,1,0.540625,0.5328125
C0035_001434,1,0.5427083333333333,0.5302083333333333
C0035_001435,1,0.5453125,0.53125
C0035_001436,1,0.5473958333333333,0.53125
C0035_001437,1,0.5489583333333333,0.53125
C0035_001438,1,0.5515625,0.5322916666666667
C0035_001439,1,0.553125,0.5328125
C0035_001440,1,0.5557291666666667,0.534375
C0035_001441,1,0.5583333333333333,0.5359375
C0035_001442,1,0.5598958333333334,0.5380208333333333
C0035_001443,1,0.5619791666666667,0.5401041666666667
C0035_001444,1,0.5651041666666666,0.5421875
C0035_001445,1,0.5661458333333333,0.5463541666666667
C0035_001446,1,0.56875,0.5489583333333333
C0035_001447,1,0.5708333333333333,0.5526041666666667
C0035_001448,1,0.5723958333333333,0.55625
C0035_001449,1,0.5744791666666667,0.5609375
C0035_001450,1,0.5770833333333333,0.5651041666666666
C0035_001451,1,0.5796875,0.5692708333333333
C0035_001452,1,0.58125,0.575
C0035_001453,1,0.5838541666666667,0.5807291666666666
C0035_001454,1,0.5859375,0.5848958333333333
C0035_001455,1,0.5875,0.590625
C0035_001456,1,0.5895833333333333,0.596875
C0035_001457,1,0.5921875,0.6036458333333333
C0035_001458,1,0.5932291666666667,0.6026041666666667
C0035_001459,1,0.59375,0.5958333333333333
C0035_001460,1,0.5942708333333333,0.5885416666666666
C0035_001461,1,0.59375,0.584375
C0035_001462,1,0.59375,0.5791666666666667
C0035_001463,1,0.59375,0.5734375
C0035_001464,1,0.5942708333333333,0.56875
C0035_001465,1,0.5942708333333333,0.5651041666666666
C0035_001466,1,0.5947916666666667,0.5604166666666667
C0035_001467,1,0.5947916666666667,0.55625
C0035_001468,1,0.5953125,0.5536458333333333
C0035_001469,1,0.5953125,0.5505208333333333
C0035_001470,1,0.5958333333333333,0.5484375
C0035_001471,1,0.5958333333333333,0.5458333333333333
C0035_001472,1,0.5958333333333333,0.5432291666666667
C0035_001473,1,0.5963541666666666,0.5421875
C0035_001474,1,0.5963541666666666,0.5401041666666667
C0035_001475,1,0.5963541666666666,0.5395833333333333
C0035_001476,1,0.5973958333333333,0.5385416666666667
C0035_001477,1,0.5973958333333333,0.5375
C0035_001478,1,0.5973958333333333,0.5375
C0035_001479,1,0.5973958333333333,0.5375
C0035_001480,1,0.5973958333333333,0.5380208333333333
C0035_001481,1,0.5989583333333334,0.5401041666666667
C0035_001482,1,0.5984375,0.5411458333333333
C0035_001483,1,0.5989583333333334,0.5421875
C0035_001484,1,0.5989583333333334,0.5427083333333333
C0035_001485,1,0.5994791666666667,0.5453125
C0035_001486,1,0.5994791666666667,0.546875
C0035_001487,1,0.6005208333333333,0.5510416666666667
C0035_001488,1,0.6005208333333333,0.5536458333333333
C0035_001489,1,0.6010416666666667,0.5567708333333333
C0035_001490,1,0.6015625,0.5609375
C0035_001491,1,0.6010416666666667,0.5630208333333333
C0035_001492,1,0.6020833333333333,0.5692708333333333
C0035_001493,1,0.6026041666666667,0.5739583333333333
C0035_001494,1,0.603125,0.578125
C0035_001495,1,0.603125,0.5833333333333334
C0035_001496,1,0.603125,0.5875
C0035_001497,1,0.6041666666666666,0.59375
C0035_001498,1,0.6041666666666666,0.5979166666666667
C0035_001499,1,0.6046875,0.6026041666666667
C0035_001500,1,0.6052083333333333,0.5963541666666666
C0035_001501,1,0.6041666666666666,0.5916666666666667
C0035_001502,1,0.6041666666666666,0.5854166666666667
C0035_001503,1,0.6036458333333333,0.58125
C0035_001504,1,0.6036458333333333,0.5765625
C0035_001505,1,0.603125,0.5713541666666667
C0035_001506,1,0.6036458333333333,0.5661458333333333
C0035_001507,1,0.6036458333333333,0.5640625
C0035_001508,1,0.6036458333333333,0.5598958333333334
C0035_001509,1,0.6041666666666666,0.5583333333333333
C0035_001510,1,0.603125,0.5552083333333333
C0035_001511,1,0.603125,0.5526041666666667
C0035_001512,1,0.6026041666666667,0.55
C0035_001513,1,0.6026041666666667,0.5484375
C0035_001514,1,0.603125,0.5479166666666667
C0035_001515,1,0.603125,0.5473958333333333
C0035_001516,1,0.8432291666666667,0.4244791666666667
C0035_001517,1,0.8338541666666667,0.43072916666666666
C0035_001518,1,0.825,0.4359375
C0035_001519,1,0.815625,0.4427083333333333
C0035_001520,1,0.80625,0.44895833333333335
C0035_001521,1,0.7973958333333333,0.45416666666666666
C0035_001522,1,0.7885416666666667,0.4625
C0035_001523,1,0.7786458333333334,0.4703125
C0035_001524,1,0.7692708333333333,0.47708333333333336
C0035_001525,1,0.7604166666666666,0.484375
C0035_001526,1,0.7520833333333333,0.49114583333333334
C0035_001527,1,0.7432291666666667,0.5005208333333333
C0035_001528,1,0.7348958333333333,0.5088541666666667
C0035_001529,1,0.7255208333333333,0.5182291666666666
C0035_001530,1,0.7161458333333334,0.528125
C0035_001531,1,0.7072916666666667,0.5364583333333334
C0035_001532,1,0.7,0.5473958333333333
C0035_001533,1,0.6911458333333333,0.5572916666666666
C0035_001534,1,0.6833333333333333,0.5666666666666667
C0035_001535,1,0.6734375,0.5760416666666667
C0035_001536,1,0.665625,0.5880208333333333
C0035_001537,1,0.65625,0.5994791666666667
C0035_001538,1,0.6505208333333333,0.6015625
C0035_001539,1,0.6442708333333333,0.590625
C0035_001540,1,0.6375,0.5786458333333333
C0035_001541,1,0.63125,0.571875
C0035_001542,1,0.6244791666666667,0.5645833333333333
C0035_001543,1,0.61875,0.5552083333333333
C0035_001544,1,0.6119791666666666,0.5505208333333333
C0035_001545,1,0.60625,0.5432291666666667
C0035_001546,1,0.6005208333333333,0.5348958333333333
C0035_001547,1,0.5927083333333333,0.528125
C0035_001548,1,0.5890625,0.521875
C0035_001549,1,0.5822916666666667,0.5177083333333333
C0035_001550,1,0.5765625,0.5109375
C0035_001551,1,0.5692708333333333,0.50625
C0035_001552,1,0.5645833333333333,0.5020833333333333
C0035_001553,1,0.5583333333333333,0.4973958333333333
C0035_001554,1,0.5520833333333334,0.49270833333333336
C0035_001555,1,0.546875,0.4890625
C0035_001556,1,0.5411458333333333,0.4869791666666667
C0035_001557,1,0.5348958333333333,0.48385416666666664
C0035_001558,1,0.5296875,0.48125
C0035_001559,1,0.5239583333333333,0.4791666666666667
C0035_001560,1,0.5182291666666666,0.47708333333333336
C0035_001561,1,0.5119791666666667,0.4744791666666667
C0035_001562,1,0.5067708333333333,0.47552083333333334
C0035_001563,1,0.5010416666666667,0.4734375
C0035_001564,1,0.4953125,0.47239583333333335
C0035_001565,1,0.4895833333333333,0.4734375
C0035_001566,1,0.48385416666666664,0.4734375
C0035_001567,1,0.4791666666666667,0.475
C0035_001568,1,0.47239583333333335,0.4739583333333333
C0035_001569,1,0.46822916666666664,0.475
C0035_001570,1,0.4609375,0.47708333333333336
C0035_001571,1,0.45625,0.4791666666666667
C0035_001572,1,0.4505208333333333,0.48072916666666665
C0035_001573,1,0.44479166666666664,0.4822916666666667
C0035_001574,1,0.4401041666666667,0.4869791666666667
C0035_001575,1,0.4348958333333333,0.4895833333333333
C0035_001576,1,0.42864583333333334,0.49270833333333336
C0035_001577,1,0.4234375,0.49583333333333335
C0035_001578,1,0.4192708333333333,0.503125
C0035_001579,1,0.4140625,0.5083333333333333
C0035_001580,1,0.4088541666666667,0.5130208333333334
C0035_001581,1,0.4036458333333333,0.515625
C0035_001582,1,0.39947916666666666,0.5244791666666667
C0035_001583,1,0.3921875,0.5270833333333333
C0035_001584,1,0.3875,0.5322916666666667
C0035_001585,1,0.38125,0.5416666666666666
C0035_001586,1,0.378125,0.5505208333333333
C0035_001587,1,0.371875,0.55625
C0035_001588,1,0.36614583333333334,0.5630208333333333
C0035_001589,1,0.3614583333333333,0.5682291666666667
C0035_001590,1,0.35572916666666665,0.5802083333333333
C0035_001591,1,0.3515625,0.5890625
C0035_001592,1,0.34739583333333335,0.596875
C0035_001593,1,0.34010416666666665,0.603125
C0035_001594,1,0.33645833333333336,0.6171875
C0035_001595,1,0.33177083333333335,0.6229166666666667
C0035_001596,1,0.32864583333333336,0.6140625
C0035_001597,1,0.325,0.6052083333333333
C0035_001598,1,0.32135416666666666,0.5973958333333333
C0035_001599,1,0.3171875,0.5890625
C0035_001600,1,0.3140625,0.58125
C0035_001601,1,0.3109375,0.575
C0035_001602,1,0.30625,0.56875
C0035_001603,1,0.303125,0.559375
C0035_001604,1,0.2994791666666667,0.5567708333333333
C0035_001605,1,0.29635416666666664,0.5505208333333333
C0035_001606,1,0.29270833333333335,0.5453125
C0035_001607,1,0.290625,0.5385416666666667
C0035_001608,1,0.2859375,0.5354166666666667
C0035_001609,1,0.28229166666666666,0.53125
C0035_001610,1,0.2791666666666667,0.5255208333333333
C0035_001611,1,0.2765625,0.5239583333333333
C0035_001612,1,0.27291666666666664,0.5208333333333334
C0035_001613,1,0.26875,0.5166666666666667
C0035_001614,1,0.26458333333333334,0.5130208333333334
C0035_001615,1,0.26197916666666665,0.5119791666666667
C0035_001616,1,0.2598958333333333,0.509375
C0035_001617,1,0.2640625,0.5036458333333333
C0035_001618,1,0.2713541666666667,0.496875
C0035_001619,1,0.27760416666666665,0.4890625
C0035_001620,1,0.284375,0.4864583333333333
C0035_001621,1,0.29270833333333335,0.4786458333333333
C0035_001622,1,0.29739583333333336,0.4744791666666667
C0035_001623,1,0.3072916666666667,0.4671875
C0035_001624,1,0.3140625,0.46510416666666665
C0035_001625,1,0.3223958333333333,0.45989583333333334
C0035_001626,1,0.32916666666666666,0.4578125
C0035_001627,1,0.33541666666666664,0.45260416666666664
C0035_001628,1,0.34270833333333334,0.4505208333333333
C0035_001629,1,0.3489583333333333,0.4479166666666667
C0035_001630,1,0.3572916666666667,0.446875
C0035_001631,1,0.3640625,0.44375
C0035_001632,1,0.3697916666666667,0.4421875
C0035_001633,1,0.3770833333333333,0.44166666666666665
C0035_001634,1,0.38385416666666666,0.4401041666666667
C0035_001635,1,0.39114583333333336,0.440625
C0035_001636,1,0.39791666666666664,0.44114583333333335
C0035_001637,1,0.4041666666666667,0.44114583333333335
C0035_001638,1,0.41041666666666665,0.44114583333333335
C0035_001639,1,0.4171875,0.44375
C0035_001640,1,0.4244791666666667,0.44479166666666664
C0035_001641,1,0.4296875,0.4453125
C0035_001642,1,0.43645833333333334,0.4484375
C0035_001643,1,0.44427083333333334,0.4505208333333333
C0035_001644,1,0.4484375,0.4515625
C0035_001645,1,0.45625,0.4546875
C0035_001646,1,0.4609375,0.45677083333333335
C0035_001647,1,0.46770833333333334,0.46145833333333336
C0035_001648,1,0.4739583333333333,0.4640625
C0035_001649,1,0.48020833333333335,0.46927083333333336
C0035_001650,1,0.4859375,0.4734375
C0035_001651,1,0.49270833333333336,0.4796875
C0035_001652,1,0.4973958333333333,0.48125
C0035_001653,1,0.5052083333333334,0.4895833333333333
C0035_001654,1,0.5098958333333333,0.4942708333333333
C0035_001655,1,0.5161458333333333,0.49947916666666664
C0035_001656,1,0.5213541666666667,0.5057291666666667
C0035_001657,1,0.5270833333333333,0.5114583333333333
C0035_001658,1,0.5333333333333333,0.51875
C0035_001659,1,0.5385416666666667,0.525
C0035_001660,1,0.5447916666666667,0.5333333333333333
C0035_001661,1,0.55,0.5395833333333333
C0035_001662,1,0.5567708333333333,0.5473958333333333
C0035_001663,1,0.5609375,0.5557291666666667
C0035_001664,1,0.5666666666666667,0.5630208333333333
C0035_001665,1,0.5708333333333333,0.5734375
C0035_001666,1,0.5776041666666667,0.5796875
C0035_001667,1,0.5817708333333333,0.5869791666666667
C0035_001668,1,0.5869791666666667,0.5973958333333333
C0035_001669,1,0.590625,0.5911458333333334
C0035_001670,1,0.5942708333333333,0.5822916666666667
C0035_001671,1,0.596875,0.5723958333333333
C0035_001672,1,0.6,0.5651041666666666
C0035_001673,1,0.603125,0.5572916666666666
C0035_001674,1,0.60625,0.5473958333333333
C0035_001675,1,0.609375,0.5421875
C0035_001676,1,0.6109375,0.5348958333333333
C0035_001677,1,0.6140625,0.5265625
C0035_001678,1,0.6177083333333333,0.51875
C0035_001679,1,0.6203125,0.5140625
C0035_001680,1,0.6234375,0.509375
C0035_001681,1,0.6265625,0.5026041666666666
C0035_001682,1,0.6296875,0.49895833333333334
C0035_001683,1,0.6317708333333333,0.49270833333333336
C0035_001684,1,0.6348958333333333,0.4890625
C0035_001685,1,0.6380208333333334,0.484375
C0035_001686,1,0.640625,0.48020833333333335
C0035_001687,1,0.64375,0.4765625
C0035_001688,1,0.6463541666666667,0.47291666666666665
C0035_001689,1,0.6489583333333333,0.4713541666666667
C0035_001690,1,0.6520833333333333,0.46927083333333336
C0035_001691,1,0.6546875,0.4661458333333333
C0035_001692,1,0.6572916666666667,0.4640625
C0035_001693,1,0.6604166666666667,0.46197916666666666
C0035_001694,1,0.6635416666666667,0.4609375
C0035_001695,1,0.6661458333333333,0.46041666666666664
C0035_001696,1,0.66875,0.459375
C0035_001697,1,0.671875,0.4588541666666667
C0035_001698,1,0.675,0.4588541666666667
C0035_001699,1,0.6770833333333334,0.45989583333333334
C0035_001700,1,0.6802083333333333,0.459375
C0035_001701,1,0.6828125,0.46041666666666664
C0035_001702,1,0.6854166666666667,0.46145833333333336
C0035_001703,1,0.6885416666666667,0.4630208333333333
C0035_001704,1,0.690625,0.4640625
C0035_001705,1,0.69375,0.4661458333333333
C0035_001706,1,0.6963541666666667,0.46875
C0035_001707,1,0.6994791666666667,0.46927083333333336
C0035_001708,1,0.7015625,0.4734375
C0035_001709,1,0.7046875,0.47552083333333334
C0035_001710,1,0.7072916666666667,0.4791666666666667
C0035_001711,1,0.7098958333333333,0.4822916666666667
C0035_001712,1,0.7119791666666667,0.48489583333333336
C0035_001713,1,0.7145833333333333,0.4901041666666667
C0035_001714,1,0.7182291666666667,0.49375
C0035_001715,1,0.7197916666666667,0.4984375
C0035_001716,1,0.7223958333333333,0.503125
C0035_001717,1,0.7255208333333333,0.5072916666666667
C0035_001718,1,0.721875,0.503125
C0035_001719,1,0.7135416666666666,0.49166666666666664
C0035_001720,1,0.7067708333333333,0.4828125
C0035_001721,1,0.7,0.4744791666666667
C0035_001722,1,0.6932291666666667,0.46770833333333334
C0035_001723,1,0.6864583333333333,0.4588541666666667
C0035_001724,1,0.678125,0.45
C0035_001725,1,0.6713541666666667,0.4432291666666667
C0035_001726,1,0.6645833333333333,0.4375
C0035_001727,1,0.65625,0.43020833333333336
C0035_001728,1,0.65,0.42239583333333336
C0035_001729,1,0.6432291666666666,0.4161458333333333
C0035_001730,1,0.6354166666666666,0.40989583333333335
C0035_001731,1,0.6291666666666667,0.40208333333333335
C0035_001732,1,0.6208333333333333,0.3984375
C0035_001733,1,0.6140625,0.3921875
C0035_001734,1,0.6067708333333334,0.38697916666666665
C0035_001735,1,0.5989583333333334,0.38333333333333336
C0035_001736,1,0.5916666666666667,0.37864583333333335
C0035_001737,1,0.5848958333333333,0.37395833333333334
C0035_001738,1,0.5765625,0.36822916666666666
C0035_001739,1,0.5708333333333333,0.36666666666666664
C0035_001740,1,0.5640625,0.36354166666666665
C0035_001741,1,0.5557291666666667,0.359375
C0035_001742,1,0.5489583333333333,0.3546875
C0035_001743,1,0.5416666666666666,0.35260416666666666
C0035_001744,1,0.534375,0.3484375
C0035_001745,1,0.5255208333333333,0.34739583333333335
C0035_001746,1,0.5197916666666667,0.34739583333333335
C0035_001747,1,0.5114583333333333,0.346875
C0035_001748,1,0.5041666666666667,0.3453125
C0035_001749,1,0.49635416666666665,0.3463541666666667
C0035_001750,1,0.4895833333333333,0.34479166666666666
C0035_001751,1,0.48333333333333334,0.34270833333333334
C0035_001752,1,0.4744791666666667,0.3463541666666667
C0035_001753,1,0.46822916666666664,0.34427083333333336
C0035_001754,1,0.46041666666666664,0.34479166666666666
C0035_001755,1,0.45208333333333334,0.3463541666666667
C0035_001756,1,0.44427083333333334,0.3484375
C0035_001757,1,0.43645833333333334,0.3484375
C0035_001758,1,0.4296875,0.3536458333333333
C0035_001759,1,0.4234375,0.3546875
C0035_001760,1,0.41458333333333336,0.35885416666666664
C0035_001761,1,0.40677083333333336,0.3625
C0035_001762,1,0.4005208333333333,0.3645833333333333
C0035_001763,1,0.39010416666666664,0.3703125
C0035_001764,1,0.38385416666666666,0.37395833333333334
C0035_001765,1,0.37604166666666666,0.37864583333333335
C0035_001766,1,0.36770833333333336,0.384375
C0035_001767,1,0.35989583333333336,0.3875
C0035_001768,1,0.353125,0.39375
C0035_001769,1,0.34427083333333336,0.4015625
C0035_001770,1,0.3375,0.4088541666666667
C0035_001771,1,0.32864583333333336,0.41354166666666664
C0035_001772,1,0.32083333333333336,0.42239583333333336
C0035_001773,1,0.3145833333333333,0.43125
C0035_001774,1,0.30625,0.43802083333333336
C0035_001775,1,0.29791666666666666,0.4479166666666667
C0035_001776,1,0.2890625,0.4552083333333333
C0035_001777,1,0.28229166666666666,0.46458333333333335
C0035_001778,1,0.27395833333333336,0.4713541666666667
C0035_001779,1,0.265625,0.48385416666666664
C0035_001780,1,0.2578125,0.49635416666666665
C0035_001781,1,0.24895833333333334,0.5078125
C0035_001782,1,0.24166666666666667,0.5182291666666666
C0035_001783,1,0.23125,0.53125
C0035_001784,1,0.22552083333333334,0.540625
C0035_001785,1,0.215625,0.5552083333333333
C0035_001786,1,0.2078125,0.56875
C0035_001787,1,0.1984375,0.5838541666666667
C0035_001788,1,0.18958333333333333,0.596875
C0035_001789,1,0.1828125,0.6083333333333333
C0035_001790,1,0.175,0.6197916666666666
C0035_001791,1,0.1671875,0.6395833333333333
C0035_001792,1,0.1609375,0.6296875
C0035_001793,1,0.15572916666666667,0.61875
C0035_001794,1,0.15,0.6067708333333334
C0035_001795,1,0.14739583333333334,0.5947916666666667
C0035_001796,1,0.14270833333333333,0.5828125
C0035_001797,1,0.13697916666666668,0.5697916666666667
C0035_001798,1,0.13020833333333334,0.5578125
C0035_001799,1,0.12604166666666666,0.5489583333333333
C0035_001800,1,0.12083333333333333,0.5375
C0035_001801,1,0.1171875,0.5286458333333334
C0035_001802,1,0.1109375,0.5197916666666667
C0035_001803,1,0.10520833333333333,0.5109375
C0035_001804,1,0.10052083333333334,0.5036458333333333
C0035_001805,1,0.09583333333333334,0.49270833333333336
C0035_001806,1,0.08958333333333333,0.48385416666666664
C0035_001807,1,0.08541666666666667,0.478125
C0035_001808,1,0.08125,0.46927083333333336
C0035_001809,1,0.07604166666666666,0.4625
C0035_001810,1,0.07083333333333333,0.4578125
C0035_001811,1,0.0640625,0.45
C0035_001812,1,0.059375,0.44583333333333336
C0035_001813,1,0.05572916666666667,0.4401041666666667
C0035_001814,1,0.050520833333333334,0.4328125
C0035_001815,1,0.0453125,0.4296875
C0035_001816,1,0.03958333333333333,0.4265625
C0035_001817,1,0.03333333333333333,0.42135416666666664
C0035_001818,1,0.0296875,0.4197916666666667
C0035_001819,1,0.023958333333333335,0.4171875
C0035_001820,1,0.16927083333333334,0.3046875
C0035_001821,1,0.18489583333333334,0.2989583333333333
C0035_001822,1,0.19791666666666666,0.29583333333333334
C0035_001823,1,0.20989583333333334,0.2942708333333333
C0035_001824,1,0.22708333333333333,0.28802083333333334
C0035_001825,1,0.23854166666666668,0.2859375
C0035_001826,1,0.253125,0.2833333333333333
C0035_001827,1,0.2677083333333333,0.2833333333333333
C0035_001828,1,0.28072916666666664,0.28020833333333334
C0035_001829,1,0.29270833333333335,0.2791666666666667
C0035_001830,1,0.3046875,0.2791666666666667
C0035_001831,1,0.31927083333333334,0.2791666666666667
C0035_001832,1,0.33177083333333335,0.28072916666666664
C0035_001833,1,0.34375,0.28229166666666666
C0035_001834,1,0.35833333333333334,0.2838541666666667
C0035_001835,1,0.36875,0.28541666666666665
C0035_001836,1,0.38177083333333334,0.2864583333333333
C0035_001837,1,0.3927083333333333,0.29010416666666666
C0035_001838,1,0.4036458333333333,0.2916666666666667
C0035_001839,1,0.4171875,0.2942708333333333
C0035_001840,1,0.4276041666666667,0.2984375
C0035_001841,1,0.43854166666666666,0.30416666666666664
C0035_001842,1,0.4505208333333333,0.30625
C0035_001843,1,0.46041666666666664,0.31302083333333336
C0035_001844,1,0.4713541666666667,0.31666666666666665
C0035_001845,1,0.48333333333333334,0.3223958333333333
C0035_001846,1,0.49322916666666666,0.32916666666666666
C0035_001847,1,0.5020833333333333,0.3328125
C0035_001848,1,0.5125,0.3421875
C0035_001849,1,0.5234375,0.3458333333333333
C0035_001850,1,0.5338541666666666,0.3546875
C0035_001851,1,0.54375,0.3609375
C0035_001852,1,0.5546875,0.37395833333333334
C0035_001853,1,0.5635416666666667,0.37552083333333336
C0035_001854,1,0.5739583333333333,0.3854166666666667
C0035_001855,1,0.584375,0.3963541666666667
C0035_001856,1,0.5942708333333333,0.4046875
C0035_001857,1,0.6036458333333333,0.41302083333333334
C0035_001858,1,0.6130208333333333,0.425
C0035_001859,1,0.6203125,0.43333333333333335
C0035_001860,1,0.63125,0.4421875
C0035_001861,1,0.6395833333333333,0.453125
C0035_001862,1,0.6494791666666667,0.4635416666666667
C0035_001863,1,0.6572916666666667,0.475
C0035_001864,1,0.6671875,0.4875
C0035_001865,1,0.675,0.496875
C0035_001866,1,0.6833333333333333,0.509375
C0035_001867,1,0.6916666666666667,0.521875
C0035_001868,1,0.7015625,0.5364583333333334
C0035_001869,1,0.7083333333333334,0.5473958333333333
C0035_001870,1,0.7166666666666667,0.5598958333333334
C0035_001871,1,0.725,0.5713541666666667
C0035_001872,1,0.7328125,0.5859375
C0035_001873,1,0.7385416666666667,0.590625
C0035_001874,1,0.74375,0.5755208333333334
C0035_001875,1,0.7494791666666667,0.5625
C0035_001876,1,0.75625,0.5515625
C0035_001877,1,0.7604166666666666,0.5395833333333333
C0035_001878,1,0.7677083333333333,0.5296875
C0035_001879,1,0.771875,0.5145833333333333
C0035_001880,1,0.7791666666666667,0.503125
C0035_001881,1,0.7828125,0.4921875
C0035_001882,1,0.7890625,0.4817708333333333
C0035_001883,1,0.7932291666666667,0.4734375
C0035_001884,1,0.7989583333333333,0.4625
C0035_001885,1,0.8052083333333333,0.4546875
C0035_001886,1,0.8104166666666667,0.44635416666666666
C0035_001887,1,0.8161458333333333,0.43802083333333336
C0035_001888,1,0.8203125,0.43072916666666666
C0035_001889,1,0.8255208333333334,0.42083333333333334
C0035_001890,1,0.8317708333333333,0.41302083333333334
C0035_001891,1,0.8359375,0.4078125
C0035_001892,1,0.8401041666666667,0.4010416666666667
C0035_001893,1,0.8447916666666667,0.3958333333333333
C0035_001894,1,0.8515625,0.39114583333333336
C0035_001895,1,0.8567708333333334,0.384375
C0035_001896,1,0.8546875,0.3776041666666667
C0035_001897,1,0.8463541666666666,0.36770833333333336
C0035_001898,1,0.8348958333333333,0.35885416666666664
C0035_001899,1,0.8255208333333334,0.35
C0035_001900,1,0.815625,0.34375
C0035_001901,1,0.8067708333333333,0.3338541666666667
C0035_001902,1,0.7947916666666667,0.328125
C0035_001903,1,0.7875,0.32135416666666666
C0035_001904,1,0.7776041666666667,0.3145833333333333
C0035_001905,1,0.7677083333333333,0.30833333333333335
C0035_001906,1,0.7598958333333333,0.3046875
C0035_001907,1,0.75,0.2984375
C0035_001908,1,0.7390625,0.2911458333333333
C0035_001909,1,0.7322916666666667,0.28802083333333334
C0035_001910,1,0.7244791666666667,0.2838541666666667
C0035_001911,1,0.7145833333333333,0.28020833333333334
C0035_001912,1,0.70625,0.27760416666666665
C0035_001913,1,0.6973958333333333,0.2734375
C0035_001914,1,0.6880208333333333,0.2708333333333333
C0035_001915,1,0.6796875,0.265625
C0035_001916,1,0.671875,0.26510416666666664
C0035_001917,1,0.6645833333333333,0.2635416666666667
C0035_001918,1,0.6541666666666667,0.26145833333333335
C0035_001919,1,0.646875,0.2604166666666667
C0035_001920,1,0.6385416666666667,0.2598958333333333
C0035_001921,1,0.6307291666666667,0.25885416666666666
C0035_001922,1,0.6213541666666667,0.2578125
C0035_001923,1,0.6140625,0.259375
C0035_001924,1,0.60625,0.25885416666666666
C0035_001925,1,0.5973958333333333,0.2604166666666667
C0035_001926,1,0.5911458333333334,0.2598958333333333
C0035_001927,1,0.5822916666666667,0.26197916666666665
C0035_001928,1,0.5744791666666667,0.2630208333333333
C0035_001929,1,0.5671875,0.26614583333333336
C0035_001930,1,0.5588541666666667,0.2682291666666667
C0035_001931,1,0.5520833333333334,0.2703125
C0035_001932,1,0.5453125,0.2734375
C0035_001933,1,0.5385416666666667,0.2765625
C0035_001934,1,0.5296875,0.2796875
C0035_001935,1,0.5223958333333333,0.28229166666666666
C0035_001936,1,0.5135416666666667,0.2859375
C0035_001937,1,0.5072916666666667,0.290625
C0035_001938,1,0.5005208333333333,0.29791666666666666
C0035_001939,1,0.49375,0.30104166666666665
C0035_001940,1,0.4859375,0.30625
C0035_001941,1,0.4791666666666667,0.3098958333333333
C0035_001942,1,0.4713541666666667,0.3151041666666667
C0035_001943,1,0.46510416666666665,0.32135416666666666
C0035_001944,1,0.459375,0.32864583333333336
C0035_001945,1,0.45364583333333336,0.3296875
C0035_001946,1,0.44427083333333334,0.340625
C0035_001947,1,0.43802083333333336,0.3494791666666667
C0035_001948,1,0.43125,0.35572916666666665
C0035_001949,1,0.42552083333333335,0.3640625
C0035_001950,1,0.41770833333333335,0.37135416666666665
C0035_001951,1,0.4125,0.37916666666666665
C0035_001952,1,0.40677083333333336,0.38697916666666665
C0035_001953,1,0.39895833333333336,0.3958333333333333
C0035_001954,1,0.3927083333333333,0.40208333333333335
C0035_001955,1,0.38697916666666665,0.4140625
C0035_001956,1,0.38125,0.42291666666666666
C0035_001957,1,0.37447916666666664,0.4328125
C0035_001958,1,0.36822916666666666,0.4427083333333333
C0035_001959,1,0.3619791666666667,0.45208333333333334
C0035_001960,1,0.3572916666666667,0.4625
C0035_001961,1,0.35052083333333334,0.4734375
C0035_001962,1,0.34479166666666666,0.4828125
C0035_001963,1,0.3385416666666667,0.4947916666666667
C0035_001964,1,0.3333333333333333,0.5057291666666667
C0035_001965,1,0.32760416666666664,0.5171875
C0035_001966,1,0.32135416666666666,0.528125
C0035_001967,1,0.31666666666666665,0.540625
C0035_001968,1,0.3109375,0.5520833333333334
C0035_001969,1,0.3046875,0.565625
C0035_001970,1,0.2989583333333333,0.578125
C0035_001971,1,0.2942708333333333,0.5890625
C0035_001972,1,0.28958333333333336,0.6015625
C0035_001973,1,0.2838541666666667,0.6041666666666666
C0035_001974,1,0.28020833333333334,0.5958333333333333
C0035_001975,1,0.27708333333333335,0.5833333333333334
C0035_001976,1,0.2734375,0.5729166666666666
C0035_001977,1,0.26979166666666665,0.5625
C0035_001978,1,0.26979166666666665,0.5536458333333333
C0035_001979,1,0.2635416666666667,0.5401041666666667
C0035_001980,1,0.259375,0.53125
C0035_001981,1,0.2557291666666667,0.5203125
C0035_001982,1,0.25364583333333335,0.5130208333333334
C0035_001983,1,0.25104166666666666,0.5041666666666667
C0035_001984,1,0.246875,0.49583333333333335
C0035_001985,1,0.24427083333333333,0.48854166666666665
C0035_001986,1,0.23958333333333334,0.48072916666666665
C0035_001987,1,0.2359375,0.47239583333333335
C0035_001988,1,0.23229166666666667,0.46822916666666664
C0035_001989,1,0.23020833333333332,0.45729166666666665
C0035_001990,1,0.22604166666666667,0.45364583333333336
C0035_001991,1,0.22291666666666668,0.4473958333333333
C0035_001992,1,0.21979166666666666,0.440625
C0035_001993,1,0.21875,0.43697916666666664
C0035_001994,1,0.2140625,0.43125
C0035_001995,1,0.2125,0.42604166666666665
C0035_001996,1,0.20833333333333334,0.4203125
C0035_001997,1,0.2046875,0.4166666666666667
C0035_001998,1,0.20833333333333334,0.4125
C0035_001999,1,0.21614583333333334,0.403125
C0035_002000,1,0.225,0.39791666666666664
C0035_002001,1,0.23229166666666667,0.39010416666666664
C0035_002002,1,0.240625,0.3848958333333333
C0035_002003,1,0.24739583333333334,0.3776041666666667
C0035_002004,1,0.25625,0.3723958333333333
C0035_002005,1,0.2625,0.3671875
C0035_002006,1,0.271875,0.36354166666666665
C0035_002007,1,0.2796875,0.35833333333333334
C0035_002008,1,0.2869791666666667,0.3536458333333333
C0035_002009,1,0.29322916666666665,0.3484375
C0035_002010,1,0.3020833333333333,0.34427083333333336
C0035_002011,1,0.3098958333333333,0.340625
C0035_002012,1,0.31875,0.3375
C0035_002013,1,0.3260416666666667,0.33541666666666664
C0035_002014,1,0.334375,0.3338541666666667
C0035_002015,1,0.34010416666666665,0.3302083333333333
C0035_002016,1,0.3489583333333333,0.328125
C0035_002017,1,0.3572916666666667,0.32760416666666664
C0035_002018,1,0.3651041666666667,0.3260416666666667
C0035_002019,1,0.3729166666666667,0.3234375
C0035_002020,1,0.3802083333333333,0.32395833333333335
C0035_002021,1,0.3885416666666667,0.3229166666666667
C0035_002022,1,0.3963541666666667,0.321875
C0035_002023,1,0.403125,0.3229166666666667
C0035_002024,1,0.4114583333333333,0.32395833333333335
C0035_002025,1,0.4197916666666667,0.325
C0035_002026,1,0.428125,0.3255208333333333
C0035_002027,1,0.4359375,0.3260416666666667
C0035_002028,1,0.44375,0.3296875
C0035_002029,1,0.4515625,0.33125
C0035_002030,1,0.46041666666666664,0.33489583333333334
C0035_002031,1,0.46822916666666664,0.33697916666666666
C0035_002032,1,0.47708333333333336,0.3385416666666667
C0035_002033,1,0.484375,0.34322916666666664
C0035_002034,1,0.49166666666666664,0.346875
C0035_002035,1,0.5,0.3494791666666667
C0035_002036,1,0.5083333333333333,0.35572916666666665
C0035_002037,1,0.5135416666666667,0.35833333333333334
C0035_002038,1,0.5239583333333333,0.3640625
C0035_002039,1,0.5317708333333333,0.371875
C0035_002040,1,0.5385416666666667,0.3770833333333333
C0035_002041,1,0.5453125,0.38125
C0035_002042,1,0.5557291666666667,0.3890625
C0035_002043,1,0.5635416666666667,0.3958333333333333
C0035_002044,1,0.571875,0.40260416666666665
C0035_002045,1,0.5807291666666666,0.41041666666666665
C0035_002046,1,0.5880208333333333,0.41875
C0035_002047,1,0.5963541666666666,0.42604166666666665
C0035_002048,1,0.6052083333333333,0.4359375
C0035_002049,1,0.6119791666666666,0.44479166666666664
C0035_002050,1,0.6208333333333333,0.45416666666666666
C0035_002051,1,0.6291666666666667,0.4625
C0035_002052,1,0.6369791666666667,0.4739583333333333
C0035_002053,1,0.6447916666666667,0.48385416666666664
C0035_002054,1,0.6526041666666667,0.49635416666666665
C0035_002055,1,0.6598958333333333,0.5067708333333333
C0035_002056,1,0.6692708333333334,0.51875
C0035_002057,1,0.6760416666666667,0.5276041666666667
C0035_002058,1,0.6854166666666667,0.5401041666666667
C0035_002059,1,0.6911458333333333,0.553125
C0035_002060,1,0.7,0.565625
C0035_002061,1,0.7072916666666667,0.5776041666666667
C0035_002062,1,0.7161458333333334,0.590625
C0035_002063,1,0.7213541666666666,0.584375
C0035_002064,1,0.7265625,0.5713541666666667
C0035_002065,1,0.7322916666666667,0.5588541666666667
C0035_002066,1,0.7369791666666666,0.5463541666666667
C0035_002067,1,0.7427083333333333,0.5328125
C0035_002068,1,0.7479166666666667,0.5229166666666667
C0035_002069,1,0.7536458333333333,0.5109375
C0035_002070,1,0.7588541666666667,0.5005208333333333
C0035_002071,1,0.7635416666666667,0.4901041666666667
C0035_002072,1,0.76875,0.4786458333333333
C0035_002073,1,0.7739583333333333,0.46979166666666666
C0035_002074,1,0.7796875,0.45989583333333334
C0035_002075,1,0.7838541666666666,0.4510416666666667
C0035_002076,1,0.7885416666666667,0.4432291666666667
C0035_002077,1,0.7947916666666667,0.43385416666666665
C0035_002078,1,0.8,0.425
C0035_002079,1,0.8057291666666667,0.4171875
C0035_002080,1,0.8104166666666667,0.4109375
C0035_002081,1,0.8161458333333333,0.4036458333333333
C0035_002082,1,0.8203125,0.3963541666666667
C0035_002083,1,0.8255208333333334,0.390625
C0035_002084,1,0.8317708333333333,0.384375
C0035_002085,1,0.8364583333333333,0.37916666666666665
C0035_002086,1,0.8411458333333334,0.3729166666666667
C0035_002087,1,0.846875,0.3692708333333333
C0035_002088,1,0.8520833333333333,0.36354166666666665
C0035_002089,1,0.8567708333333334,0.35833333333333334
C0035_002090,1,0.8625,0.3541666666666667
C0035_002091,1,0.853125,0.3453125
C0035_002092,1,0.8432291666666667,0.33541666666666664
C0035_002093,1,0.8328125,0.32864583333333336
C0035_002094,1,0.821875,0.32135416666666666
C0035_002095,1,0.8125,0.31197916666666664
C0035_002096,1,0.8010416666666667,0.30572916666666666
C0035_002097,1,0.7916666666666666,0.3
C0035_002098,1,0.7807291666666667,0.2947916666666667
C0035_002099,1,0.771875,0.2875
C0035_002100,1,0.7625,0.2828125
C0035_002101,1,0.7510416666666667,0.27760416666666665
C0035_002102,1,0.7416666666666667,0.27447916666666666
C0035_002103,1,0.73125,0.26927083333333335
C0035_002104,1,0.7223958333333333,0.26458333333333334
C0035_002105,1,0.7130208333333333,0.2609375
C0035_002106,1,0.7041666666666667,0.2578125
C0035_002107,1,0.6932291666666667,0.2546875
C0035_002108,1,0.684375,0.25104166666666666
C0035_002109,1,0.6755208333333333,0.24791666666666667
C0035_002110,1,0.6666666666666666,0.24635416666666668
C0035_002111,1,0.6567708333333333,0.24583333333333332
C0035_002112,1,0.6489583333333333,0.24427083333333333
C0035_002113,1,0.6395833333333333,0.24270833333333333
C0035_002114,1,0.63125,0.2421875
C0035_002115,1,0.6213541666666667,0.24270833333333333
C0035_002116,1,0.6130208333333333,0.2421875
C0035_002117,1,0.6041666666666666,0.24427083333333333
C0035_002118,1,0.5947916666666667,0.24427083333333333
C0035_002119,1,0.5864583333333333,0.24375
C0035_002120,1,0.5770833333333333,0.24635416666666668
C0035_002121,1,0.5697916666666667,0.2484375
C0035_002122,1,0.5609375,0.24895833333333334
C0035_002123,1,0.5515625,0.2520833333333333
C0035_002124,1,0.5442708333333334,0.2552083333333333
C0035_002125,1,0.5364583333333334,0.2578125
C0035_002126,1,0.5276041666666667,0.26197916666666665
C0035_002127,1,0.5197916666666667,0.2640625
C0035_002128,1,0.5109375,0.26875
C0035_002129,1,0.5026041666666666,0.27239583333333334
C0035_002130,1,0.4953125,0.2765625
C0035_002131,1,0.4869791666666667,0.28177083333333336
C0035_002132,1,0.4786458333333333,0.2875
C0035_002133,1,0.46979166666666666,0.290625
C0035_002134,1,0.4635416666666667,0.2989583333333333
C0035_002135,1,0.4546875,0.303125
C0035_002136,1,0.44635416666666666,0.3109375
C0035_002137,1,0.4395833333333333,0.315625
C0035_002138,1,0.4317708333333333,0.3223958333333333
C0035_002139,1,0.4244791666666667,0.3302083333333333
C0035_002140,1,0.4166666666666667,0.33958333333333335
C0035_002141,1,0.4088541666666667,0.3453125
C0035_002142,1,0.4015625,0.3536458333333333
C0035_002143,1,0.39427083333333335,0.36302083333333335
C0035_002144,1,0.38645833333333335,0.3703125
C0035_002145,1,0.37916666666666665,0.38177083333333334
C0035_002146,1,0.37135416666666665,0.3890625
C0035_002147,1,0.365625,0.39895833333333336
C0035_002148,1,0.3567708333333333,0.4078125
C0035_002149,1,0.35052083333333334,0.41822916666666665
C0035_002150,1,0.34270833333333334,0.42916666666666664
C0035_002151,1,0.3359375,0.440625
C0035_002152,1,0.3296875,0.4515625
C0035_002153,1,0.32135416666666666,0.46145833333333336
C0035_002154,1,0.31614583333333335,0.47291666666666665
C0035_002155,1,0.3078125,0.48489583333333336
C0035_002156,1,0.3015625,0.49583333333333335
C0035_002157,1,0.2953125,0.5078125
C0035_002158,1,0.2890625,0.5208333333333334
C0035_002159,1,0.28072916666666664,0.5338541666666666
C0035_002160,1,0.27447916666666666,0.5463541666666667
C0035_002161,1,0.2682291666666667,0.5609375
C0035_002162,1,0.26197916666666665,0.5739583333333333
C0035_002163,1,0.2552083333333333,0.5869791666666667
C0035_002164,1,0.24947916666666667,0.5994791666666667
C0035_002165,1,0.24166666666666667,0.6145833333333334
C0035_002166,1,0.23645833333333333,0.6135416666666667
C0035_002167,1,0.23333333333333334,0.6
C0035_002168,1,0.228125,0.590625
C0035_002169,1,0.22604166666666667,0.5786458333333333
C0035_002170,1,0.22083333333333333,0.565625
C0035_002171,1,0.21666666666666667,0.5536458333333333
C0035_002172,1,0.21354166666666666,0.54375
C0035_002173,1,0.2078125,0.5317708333333333
C0035_002174,1,0.20416666666666666,0.5223958333333333
C0035_002175,1,0.2015625,0.5119791666666667
C0035_002176,1,0.19583333333333333,0.5036458333333333
C0035_002177,1,0.19114583333333332,0.49322916666666666
C0035_002178,1,0.18854166666666666,0.48489583333333336
C0035_002179,1,0.18385416666666668,0.47760416666666666
C0035_002180,1,0.18020833333333333,0.46875
C0035_002181,1,0.17604166666666668,0.46145833333333336
C0035_002182,1,0.17291666666666666,0.453125
C0035_002183,1,0.16875,0.4473958333333333
C0035_002184,1,0.16458333333333333,0.440625
C0035_002185,1,0.16041666666666668,0.434375
C0035_002186,1,0.15885416666666666,0.4265625
C0035_002187,1,0.16770833333333332,0.4197916666666667
C0035_002188,1,0.175,0.41302083333333334
C0035_002189,1,0.18385416666666668,0.40520833333333334
C0035_002190,1,0.19114583333333332,0.39895833333333336
C0035_002191,1,0.19895833333333332,0.3921875
C0035_002192,1,0.20885416666666667,0.3885416666666667
C0035_002193,1,0.21666666666666667,0.3807291666666667
C0035_002194,1,0.225,0.37604166666666666
C0035_002195,1,0.23333333333333334,0.37083333333333335
C0035_002196,1,0.2421875,0.3671875
C0035_002197,1,0.24947916666666667,0.3640625
C0035_002198,1,0.259375,0.359375
C0035_002199,1,0.2682291666666667,0.3567708333333333
C0035_002200,1,0.2760416666666667,0.35208333333333336
C0035_002201,1,0.2838541666666667,0.3489583333333333
C0035_002202,1,0.2921875,0.3463541666666667
C0035_002203,1,0.30104166666666665,0.34479166666666666
C0035_002204,1,0.30885416666666665,0.3411458333333333
C0035_002205,1,0.3177083333333333,0.3416666666666667
C0035_002206,1,0.3260416666666667,0.3385416666666667
C0035_002207,1,0.33489583333333334,0.3380208333333333
C0035_002208,1,0.34270833333333334,0.33645833333333336
C0035_002209,1,0.35104166666666664,0.33645833333333336
C0035_002210,1,0.35885416666666664,0.33645833333333336
C0035_002211,1,0.36770833333333336,0.3359375
C0035_002212,1,0.37604166666666666,0.3380208333333333
C0035_002213,1,0.3848958333333333,0.3375
C0035_002214,1,0.39375,0.33958333333333335
C0035_002215,1,0.40260416666666665,0.3411458333333333
C0035_002216,1,0.41041666666666665,0.3421875
C0035_002217,1,0.41875,0.34427083333333336
C0035_002218,1,0.4265625,0.346875
C0035_002219,1,0.4359375,0.35
C0035_002220,1,0.44375,0.3546875
C0035_002221,1,0.4515625,0.35625
C0035_002222,1,0.4609375,0.359375
C0035_002223,1,0.4703125,0.36666666666666664
C0035_002224,1,0.478125,0.36875
C0035_002225,1,0.4869791666666667,0.3723958333333333
C0035_002226,1,0.49635416666666665,0.3802083333333333
C0035_002227,1,0.5036458333333333,0.38697916666666665
C0035_002228,1,0.5109375,0.39010416666666664
C0035_002229,1,0.5197916666666667,0.39791666666666664
C0035_002230,1,0.5291666666666667,0.40572916666666664
C0035_002231,1,0.5380208333333333,0.4114583333333333
C0035_002232,1,0.546875,0.41770833333333335
C0035_002233,1,0.55625,0.4265625
C0035_002234,1,0.5635416666666667,0.43333333333333335
C0035_002235,1,0.5729166666666666,0.4432291666666667
C0035_002236,1,0.5822916666666667,0.45
C0035_002237,1,0.5911458333333334,0.45989583333333334
C0035_002238,1,0.5989583333333334,0.46770833333333334
C0035_002239,1,0.6078125,0.4786458333333333
C0035_002240,1,0.6161458333333333,0.4875
C0035_002241,1,0.6239583333333333,0.4979166666666667
C0035_002242,1,0.6348958333333333,0.5104166666666666
C0035_002243,1,0.6442708333333333,0.5203125
C0035_002244,1,0.6515625,0.5317708333333333
C0035_002245,1,0.6604166666666667,0.5427083333333333
C0035_002246,1,0.6713541666666667,0.5552083333333333
C0035_002247,1,0.6786458333333333,0.5682291666666667
C0035_002248,1,0.6875,0.578125
C0035_002249,1,0.6979166666666666,0.5932291666666667
C0035_002250,1,0.7052083333333333,0.6026041666666667
C0035_002251,1,0.7083333333333334,0.5901041666666667
C0035_002252,1,0.7135416666666666,0.5765625
C0035_002253,1,0.7177083333333333,0.5671875
C0035_002254,1,0.7223958333333333,0.5552083333333333
C0035_002255,1,0.7260416666666667,0.5447916666666667
C0035_002256,1,0.7302083333333333,0.5328125
C0035_002257,1,0.7348958333333333,0.5229166666666667
C0035_002258,1,0.7390625,0.5130208333333334
C0035_002259,1,0.74375,0.5015625
C0035_002260,1,0.7473958333333334,0.49270833333333336
C0035_002261,1,0.7526041666666666,0.4822916666666667
C0035_002262,1,0.7572916666666667,0.4744791666666667
C0035_002263,1,0.7609375,0.4671875
C0035_002264,1,0.7661458333333333,0.4583333333333333
C0035_002265,1,0.7692708333333333,0.44895833333333335
C0035_002266,1,0.7755208333333333,0.440625
C0035_002267,1,0.7786458333333334,0.43333333333333335
C0035_002268,1,0.7838541666666666,0.4276041666666667
C0035_002269,1,0.7885416666666667,0.42083333333333334
C0035_002270,1,0.7921875,0.415625
C0035_002271,1,0.796875,0.4088541666666667
C0035_002272,1,0.8010416666666667,0.403125
C0035_002273,1,0.8046875,0.39791666666666664
C0035_002274,1,0.809375,0.3953125
C0035_002275,1,0.8140625,0.390625
C0035_002276,1,0.8192708333333333,0.3875
C0035_002277,1,0.8239583333333333,0.38385416666666666
C0035_002278,1,0.8270833333333333,0.3802083333333333
C0035_002279,1,0.8328125,0.37916666666666665
C0035_002280,1,0.8364583333333333,0.37604166666666666
C0035_002281,1,0.8401041666666667,0.3729166666666667
C0035_002282,1,0.8458333333333333,0.37135416666666665
C0035_002283,1,0.8473958333333333,0.37083333333333335
C0035_002284,1,0.8401041666666667,0.3651041666666667
C0035_002285,1,0.83125,0.3614583333333333
C0035_002286,1,0.8203125,0.3567708333333333
C0035_002287,1,0.8114583333333333,0.35208333333333336
C0035_002288,1,0.8005208333333333,0.3489583333333333
C0035_002289,1,0.7916666666666666,0.3453125
C0035_002290,1,0.78125,0.3421875
C0035_002291,1,0.7729166666666667,0.34010416666666665
C0035_002292,1,0.7625,0.3390625
C0035_002293,1,0.753125,0.33697916666666666
C0035_002294,1,0.74375,0.3359375
C0035_002295,1,0.734375,0.33489583333333334
C0035_002296,1,0.7255208333333333,0.33489583333333334
C0035_002297,1,0.715625,0.334375
C0035_002298,1,0.7072916666666667,0.33489583333333334
C0035_002299,1,0.696875,0.33541666666666664
C0035_002300,1,0.6901041666666666,0.33541666666666664
C0035_002301,1,0.6802083333333333,0.3375
C0035_002302,1,0.6723958333333333,0.3390625
C0035_002303,1,0.6630208333333333,0.340625
C0035_002304,1,0.6541666666666667,0.34375
C0035_002305,1,0.6453125,0.34479166666666666
C0035_002306,1,0.6369791666666667,0.3484375
C0035_002307,1,0.6270833333333333,0.35208333333333336
C0035_002308,1,0.6192708333333333,0.3546875
C0035_002309,1,0.6104166666666667,0.35989583333333336
C0035_002310,1,0.6020833333333333,0.36614583333333334
C0035_002311,1,0.5947916666666667,0.3692708333333333
C0035_002312,1,0.5848958333333333,0.37395833333333334
C0035_002313,1,0.5770833333333333,0.3802083333333333
C0035_002314,1,0.5692708333333333,0.3854166666666667
C0035_002315,1,0.5609375,0.3921875
C0035_002316,1,0.5536458333333333,0.39895833333333336
C0035_002317,1,0.5453125,0.4046875
C0035_002318,1,0.5364583333333334,0.4140625
C0035_002319,1,0.5291666666666667,0.4203125
C0035_002320,1,0.5213541666666667,0.43020833333333336
C0035_002321,1,0.5130208333333334,0.43697916666666664
C0035_002322,1,0.5057291666666667,0.44635416666666666
C0035_002323,1,0.4973958333333333,0.45416666666666666
C0035_002324,1,0.4890625,0.4640625
C0035_002325,1,0.4828125,0.47291666666666665
C0035_002326,1,0.4744791666666667,0.48385416666666664
C0035_002327,1,0.4671875,0.4947916666666667
C0035_002328,1,0.45989583333333334,0.5041666666666667
C0035_002329,1,0.45260416666666664,0.5161458333333333
C0035_002330,1,0.44479166666666664,0.5255208333333333
C0035_002331,1,0.43802083333333336,0.5385416666666667
C0035_002332,1,0.43125,0.5515625
C0035_002333,1,0.42239583333333336,0.5640625
C0035_002334,1,0.415625,0.5744791666666667
C0035_002335,1,0.4083333333333333,0.5885416666666666
C0035_002336,1,0.4010416666666667,0.6
C0035_002337,1,0.3953125,0.6145833333333334
C0035_002338,1,0.3885416666666667,0.6229166666666667
C0035_002339,1,0.38177083333333334,0.6088541666666667
C0035_002340,1,0.3776041666666667,0.5963541666666666
C0035_002341,1,0.3729166666666667,0.5869791666666667
C0035_002342,1,0.3692708333333333,0.578125
C0035_002343,1,0.3640625,0.5682291666666667
C0035_002344,1,0.359375,0.5588541666666667
C0035_002345,1,0.3536458333333333,0.546875
C0035_002346,1,0.35052083333333334,0.5395833333333333
C0035_002347,1,0.34479166666666666,0.528125
C0035_002348,1,0.340625,0.521875
C0035_002349,1,0.33541666666666664,0.5109375
C0035_002350,1,0.33125,0.5046875
C0035_002351,1,0.3255208333333333,0.496875
C0035_002352,1,0.32135416666666666,0.4890625
C0035_002353,1,0.3171875,0.4822916666666667
C0035_002354,1,0.3125,0.4765625
C0035_002355,1,0.30833333333333335,0.46927083333333336
C0035_002356,1,0.303125,0.46770833333333334
C0035_002357,1,0.2989583333333333,0.459375
C0035_002358,1,0.2947916666666667,0.45416666666666666
C0035_002359,1,0.290625,0.4510416666666667
C0035_002360,1,0.28489583333333335,0.446875
C0035_002361,1,0.28125,0.4432291666666667
C0035_002362,1,0.2755208333333333,0.43802083333333336
C0035_002363,1,0.27239583333333334,0.43697916666666664
C0035_002364,1,0.2671875,0.4354166666666667
C0035_002365,1,0.2640625,0.4322916666666667
C0035_002366,1,0.259375,0.43072916666666666
C0035_002367,1,0.25416666666666665,0.4276041666666667
C0035_002368,1,0.25104166666666666,0.4270833333333333
C0035_002369,1,0.24635416666666668,0.42604166666666665
C0035_002370,1,0.24166666666666667,0.42552083333333335
C0035_002371,1,0.23802083333333332,0.42604166666666665
C0035_002372,1,0.23229166666666667,0.42552083333333335
C0035_002373,1,0.22864583333333333,0.4270833333333333
C0035_002374,1,0.225,0.428125
C0035_002375,1,0.22083333333333333,0.4296875
C0035_002376,1,0.21666666666666667,0.4296875
C0035_002377,1,0.2125,0.43333333333333335
C0035_002378,1,0.20885416666666667,0.4348958333333333
C0035_002379,1,0.20520833333333333,0.43802083333333336
C0035_002380,1,0.21302083333333333,0.4265625
C0035_002381,1,0.22135416666666666,0.415625
C0035_002382,1,0.22916666666666666,0.40520833333333334
C0035_002383,1,0.23958333333333334,0.39479166666666665
C0035_002384,1,0.24895833333333334,0.3848958333333333
C0035_002385,1,0.25833333333333336,0.37552083333333336
C0035_002386,1,0.26666666666666666,0.365625
C0035_002387,1,0.275,0.3572916666666667
C0035_002388,1,0.2828125,0.3484375
C0035_002389,1,0.2921875,0.3390625
C0035_002390,1,0.3,0.3328125
C0035_002391,1,0.30885416666666665,0.32447916666666665
C0035_002392,1,0.31927083333333334,0.3182291666666667
C0035_002393,1,0.32708333333333334,0.31145833333333334
C0035_002394,1,0.33541666666666664,0.3046875
C0035_002395,1,0.34375,0.30052083333333335
C0035_002396,1,0.353125,0.2947916666666667
C0035_002397,1,0.3609375,0.28802083333333334
C0035_002398,1,0.36875,0.2859375
C0035_002399,1,0.3776041666666667,0.28177083333333336
C0035_002400,1,0.3854166666666667,0.27708333333333335
C0035_002401,1,0.39375,0.2734375
C0035_002402,1,0.40208333333333335,0.26927083333333335
C0035_002403,1,0.4114583333333333,0.2677083333333333
C0035_002404,1,0.41875,0.26614583333333336
C0035_002405,1,0.42604166666666665,0.2630208333333333
C0035_002406,1,0.4359375,0.2635416666666667
C0035_002407,1,0.44427083333333334,0.26145833333333335
C0035_002408,1,0.45260416666666664,0.2604166666666667
C0035_002409,1,0.45989583333333334,0.2598958333333333
C0035_002410,1,0.46822916666666664,0.2604166666666667
C0035_002411,1,0.47708333333333336,0.2609375
C0035_002412,1,0.48489583333333336,0.26145833333333335
C0035_002413,1,0.49322916666666666,0.2625
C0035_002414,1,0.5010416666666667,0.2630208333333333
C0035_002415,1,0.5083333333333333,0.26666666666666666
C0035_002416,1,0.5161458333333333,0.26927083333333335
C0035_002417,1,0.5244791666666667,0.27239583333333334
C0035_002418,1,0.5328125,0.275
C0035_002419,1,0.540625,0.2765625
C0035_002420,1,0.5479166666666667,0.28125
C0035_002421,1,0.55625,0.28489583333333335
C0035_002422,1,0.5630208333333333,0.2890625
C0035_002423,1,0.5708333333333333,0.2921875
C0035_002424,1,0.5786458333333333,0.2994791666666667
C0035_002425,1,0.5864583333333333,0.30416666666666664
C0035_002426,1,0.5932291666666667,0.309375
C0035_002427,1,0.6010416666666667,0.3151041666666667
C0035_002428,1,0.6098958333333333,0.321875
C0035_002429,1,0.6171875,0.328125
C0035_002430,1,0.6239583333333333,0.3359375
C0035_002431,1,0.6322916666666667,0.34427083333333336
C0035_002432,1,0.6395833333333333,0.3494791666666667
C0035_002433,1,0.6473958333333333,0.359375
C0035_002434,1,0.6546875,0.365625
C0035_002435,1,0.6609375,0.37447916666666664
C0035_002436,1,0.66875,0.38333333333333336
C0035_002437,1,0.6755208333333333,0.39375
C0035_002438,1,0.6828125,0.40260416666666665
C0035_002439,1,0.6901041666666666,0.41302083333333334
C0035_002440,1,0.6963541666666667,0.4234375
C0035_002441,1,0.7015625,0.4322916666666667
C0035_002442,1,0.7109375,0.44479166666666664
C0035_002443,1,0.71875,0.45625
C0035_002444,1,0.7255208333333333,0.4666666666666667
C0035_002445,1,0.7322916666666667,0.4791666666666667
C0035_002446,1,0.7385416666666667,0.490625
C0035_002447,1,0.7463541666666667,0.5052083333333334
C0035_002448,1,0.7526041666666666,0.515625
C0035_002449,1,0.759375,0.5296875
C0035_002450,1,0.7661458333333333,0.54375
C0035_002451,1,0.7723958333333333,0.5567708333333333
C0035_002452,1,0.7796875,0.5697916666666667
C0035_002453,1,0.784375,0.5802083333333333
C0035_002454,1,0.7901041666666667,0.590625
C0035_002455,1,0.7958333333333333,0.578125
C0035_002456,1,0.7979166666666667,0.5651041666666666
C0035_002457,1,0.8026041666666667,0.5520833333333334
C0035_002458,1,0.80625,0.5390625
C0035_002459,1,0.809375,0.5270833333333333
C0035_002460,1,0.8140625,0.5135416666666667
C0035_002461,1,0.8171875,0.5026041666666666
C0035_002462,1,0.8208333333333333,0.490625
C0035_002463,1,0.8244791666666667,0.48020833333333335
C0035_002464,1,0.8286458333333333,0.46875
C0035_002465,1,0.8317708333333333,0.4583333333333333
C0035_002466,1,0.8359375,0.4473958333333333
C0035_002467,1,0.8395833333333333,0.43854166666666666
C0035_002468,1,0.8427083333333333,0.43020833333333336
C0035_002469,1,0.846875,0.42135416666666664
C0035_002470,1,0.8510416666666667,0.41302083333333334
C0035_002471,1,0.8541666666666666,0.40677083333333336
C0035_002472,1,0.8578125,0.3984375
C0035_002473,1,0.8609375,0.39114583333333336
C0035_002474,1,0.8645833333333334,0.3854166666666667
C0035_002475,1,0.8692708333333333,0.37864583333333335
C0035_002476,1,0.8729166666666667,0.3723958333333333
C0035_002477,1,0.8760416666666667,0.3671875
C0035_002478,1,0.8796875,0.3609375
C0035_002479,1,0.884375,0.3567708333333333
C0035_002480,1,0.8869791666666667,0.353125
C0035_002481,1,0.8854166666666666,0.3463541666666667
C0035_002482,1,0.8765625,0.34010416666666665
C0035_002483,1,0.8671875,0.3296875
C0035_002484,1,0.8572916666666667,0.32395833333333335
C0035_002485,1,0.8484375,0.31614583333333335
C0035_002486,1,0.8385416666666666,0.3078125
C0035_002487,1,0.8302083333333333,0.3015625
C0035_002488,1,0.8177083333333334,0.29635416666666664
C0035_002489,1,0.8088541666666667,0.28854166666666664
C0035_002490,1,0.8010416666666667,0.2838541666666667
C0035_002491,1,0.7921875,0.28125
C0035_002492,1,0.7807291666666667,0.2760416666666667
C0035_002493,1,0.7729166666666667,0.2703125
C0035_002494,1,0.7630208333333334,0.2682291666666667
C0035_002495,1,0.753125,0.2640625
C0035_002496,1,0.7463541666666667,0.26145833333333335
C0035_002497,1,0.7369791666666666,0.25833333333333336
C0035_002498,1,0.7270833333333333,0.2552083333333333
C0035_002499,1,0.7192708333333333,0.2546875
C0035_002500,1,0.7098958333333333,0.2520833333333333
C0035_002501,1,0.7026041666666667,0.24947916666666667
C0035_002502,1,0.6942708333333333,0.25
C0035_002503,1,0.684375,0.25
C0035_002504,1,0.6765625,0.2484375
C0035_002505,1,0.6677083333333333,0.24895833333333334
C0035_002506,1,0.6598958333333333,0.2484375
C0035_002507,1,0.6520833333333333,0.24895833333333334
C0035_002508,1,0.6442708333333333,0.2515625
C0035_002509,1,0.634375,0.25104166666666666
C0035_002510,1,0.6270833333333333,0.25416666666666665
C0035_002511,1,0.61875,0.2557291666666667
C0035_002512,1,0.6098958333333333,0.25729166666666664
C0035_002513,1,0.6020833333333333,0.2604166666666667
C0035_002514,1,0.5947916666666667,0.2630208333333333
C0035_002515,1,0.5869791666666667,0.2640625
C0035_002516,1,0.5791666666666667,0.2682291666666667
C0035_002517,1,0.571875,0.2734375
C0035_002518,1,0.5635416666666667,0.27708333333333335
C0035_002519,1,0.5557291666666667,0.28072916666666664
C0035_002520,1,0.5489583333333333,0.28489583333333335
C0035_002521,1,0.5416666666666666,0.28958333333333336
C0035_002522,1,0.5333333333333333,0.29635416666666664
C0035_002523,1,0.5260416666666666,0.3020833333333333
C0035_002524,1,0.5192708333333333,0.30833333333333335
C0035_002525,1,0.5119791666666667,0.3125
C0035_002526,1,0.503125,0.32083333333333336
C0035_002527,1,0.49635416666666665,0.32708333333333334
C0035_002528,1,0.4890625,0.33541666666666664
C0035_002529,1,0.48072916666666665,0.3421875
C0035_002530,1,0.475,0.35052083333333334
C0035_002531,1,0.46927083333333336,0.35572916666666665
C0035_002532,1,0.4609375,0.36614583333333334
C0035_002533,1,0.453125,0.3765625
C0035_002534,1,0.446875,0.38333333333333336
C0035_002535,1,0.4401041666666667,0.3921875
C0035_002536,1,0.43385416666666665,0.4015625
C0035_002537,1,0.4265625,0.4109375
C0035_002538,1,0.4197916666666667,0.42135416666666664
C0035_002539,1,0.41302083333333334,0.4317708333333333
C0035_002540,1,0.40572916666666664,0.440625
C0035_002541,1,0.39947916666666666,0.4510416666666667
C0035_002542,1,0.3932291666666667,0.4640625
C0035_002543,1,0.38645833333333335,0.47552083333333334
C0035_002544,1,0.37916666666666665,0.4869791666666667
C0035_002545,1,0.3734375,0.496875
C0035_002546,1,0.36666666666666664,0.5078125
C0035_002547,1,0.3609375,0.5229166666666667
C0035_002548,1,0.3546875,0.534375
C0035_002549,1,0.3484375,0.5484375
C0035_002550,1,0.3416666666666667,0.5598958333333334
C0035_002551,1,0.3359375,0.5744791666666667
C0035_002552,1,0.3296875,0.5885416666666666
C0035_002553,1,0.3234375,0.6
C0035_002554,1,0.31614583333333335,0.6135416666666667
C0035_002555,1,0.31302083333333336,0.6046875
C0035_002556,1,0.309375,0.5927083333333333
C0035_002557,1,0.30572916666666666,0.5822916666666667
C0035_002558,1,0.3020833333333333,0.5703125
C0035_002559,1,0.2989583333333333,0.5598958333333334
C0035_002560,1,0.2947916666666667,0.5479166666666667
C0035_002561,1,0.29010416666666666,0.5369791666666667
C0035_002562,1,0.2869791666666667,0.5265625
C0035_002563,1,0.28229166666666666,0.5151041666666667
C0035_002564,1,0.2786458333333333,0.5067708333333333
C0035_002565,1,0.2755208333333333,0.49947916666666664
C0035_002566,1,0.2713541666666667,0.4890625
C0035_002567,1,0.2682291666666667,0.48333333333333334
C0035_002568,1,0.26510416666666664,0.4739583333333333
C0035_002569,1,0.2604166666666667,0.4666666666666667
C0035_002570,1,0.25677083333333334,0.45729166666666665
C0035_002571,1,0.25416666666666665,0.45416666666666666
C0035_002572,1,0.25104166666666666,0.44479166666666664
C0035_002573,1,0.246875,0.4375
C0035_002574,1,0.24322916666666666,0.4322916666666667
C0035_002575,1,0.23958333333333334,0.4270833333333333
C0035_002576,1,0.23489583333333333,0.42135416666666664
C0035_002577,1,0.23229166666666667,0.4166666666666667
C0035_002578,1,0.22864583333333333,0.4119791666666667
C0035_002579,1,0.225,0.40729166666666666
C0035_002580,1,0.221875,0.4036458333333333
C0035_002581,1,0.21822916666666667,0.39947916666666666
C0035_002582,1,0.2140625,0.3953125
C0035_002583,1,0.2109375,0.3932291666666667
C0035_002584,1,0.20833333333333334,0.39166666666666666
C0035_002585,1,0.2046875,0.3890625
C0035_002586,1,0.20104166666666667,0.3875
C0035_002587,1,0.196875,0.3859375
C0035_002588,1,0.19375,0.38385416666666666
C0035_002589,1,0.190625,0.38385416666666666
C0035_002590,1,0.18802083333333333,0.38125
C0035_002591,1,0.18385416666666668,0.38177083333333334
C0035_002592,1,0.18072916666666666,0.38177083333333334
C0035_002593,1,0.17760416666666667,0.38125
C0035_002594,1,0.17447916666666666,0.38229166666666664
C0035_002595,1,0.17083333333333334,0.38229166666666664
C0035_002596,1,0.16770833333333332,0.38333333333333336
C0035_002597,1,0.16458333333333333,0.384375
C0035_002598,1,0.16145833333333334,0.38645833333333335
C0035_002599,1,0.15833333333333333,0.3875
C0035_002600,1,0.15572916666666667,0.39166666666666666
C0035_002601,1,0.15260416666666668,0.3932291666666667
C0035_002602,1,0.14895833333333333,0.396875
C0035_002603,1,0.14583333333333334,0.4005208333333333
C0035_002604,1,0.14322916666666666,0.4036458333333333
C0035_002605,1,0.14010416666666667,0.40729166666666666
C0035_002606,1,0.13802083333333334,0.4114583333333333
C0035_002607,1,0.134375,0.415625
C0035_002608,1,0.13020833333333334,0.41875
C0035_002609,1,0.128125,0.42552083333333335
C0035_002610,1,0.1265625,0.4296875
C0035_002611,1,0.1234375,0.43385416666666665
C0035_002612,1,0.11927083333333334,0.44166666666666665
C0035_002613,1,0.1171875,0.4479166666666667
C0035_002614,1,0.11510416666666666,0.45625
C0035_002615,1,0.1125,0.46145833333333336
C0035_002616,1,0.109375,0.4671875
C0035_002617,1,0.10677083333333333,0.4744791666666667
